source,product_name,product_type,brand,price,currency,stock_status,blade_count,ratchet_count,bit_count,launcher_count,stadium_count,bey_count,launcher_included,stadium_included,description_text,listing_url,snapshot_date,listing_id,product_code,ratchet,bit,blade,blade_match_status,composition_status,package_bey_count,package_usage_mean,package_usage_max,package_top_cuts_mean,package_top_cuts_max,package_first_rate_mean,package_first_rate_max,package_win_share_mean,package_win_share_max,package_match_coverage,package_meta_coverage,in_stock,scenario_id,ingreso_personal_mensual_mxn,price_income_pct,price_per_bey
Rucua,BX-00 Beyblade 25th Anniversary Set,Set,Takara Tomy,5199.0,MXN,OutOfStock,4,4,4,4,0,4,1,0,"BEYBLADE X es un gear sport que presenta batallas extremas con increíble velocidad e impacto gracias a su truco de superaceleración, X-Dash.
 Para conmemorar el 25 aniversario de Beyblade. El set incluye Dragoon Storm 4-60RA de ""Bakuten Shoot Beyblade"", Storm Pegasus 3-70RA de ""Metal Fight Beyblade"", Victory Valkyrie 2-60RA de ""Beyblade Burst"" y Dran Sword 3-60F Holo Sticker Ver. de ""BEYBLADE X"". 
Los Beyblades de los personajes principales de las primeras temporadas de cada serie de anime ya están disponibles en versiones BEYBLADE X.
Contenido del producto: Blade (4), Ratchet (4), Bit (4), lanzador de jareta (4), jareta (4), Beycode (1), manual de instrucciones (1).",https://rucua.com/products/bx-00-beyblade-25th-anniversary-set,2026-09-21,rucua_bx-00-beyblade-25th-anniversary-set,BX-00,,,,multi_bey_set,multi_bey,4.0,5.550000000000001,46.5,536.0833333333333,4488.0,28.308333333333334,42.9,5.166666666666667,45.5,1.0,1.0,0,LOW_01,4001,129.94251437140716,1299.75
Rucua,BX-00 Beyblade 25th Anniversary Set,Set,Takara Tomy,5199.0,MXN,OutOfStock,4,4,4,4,0,4,1,0,"BEYBLADE X es un gear sport que presenta batallas extremas con increíble velocidad e impacto gracias a su truco de superaceleración, X-Dash.
 Para conmemorar el 25 aniversario de Beyblade. El set incluye Dragoon Storm 4-60RA de ""Bakuten Shoot Beyblade"", Storm Pegasus 3-70RA de ""Metal Fight Beyblade"", Victory Valkyrie 2-60RA de ""Beyblade Burst"" y Dran Sword 3-60F Holo Sticker Ver. de ""BEYBLADE X"". 
Los Beyblades de los personajes principales de las primeras temporadas de cada serie de anime ya están disponibles en versiones BEYBLADE X.
Contenido del producto: Blade (4), Ratchet (4), Bit (4), lanzador de jareta (4), jareta (4), Beycode (1), manual de instrucciones (1).",https://rucua.com/products/bx-00-beyblade-25th-anniversary-set,2026-09-21,rucua_bx-00-beyblade-25th-anniversary-set,BX-00,,,,multi_bey_set,multi_bey,4.0,5.550000000000001,46.5,536.0833333333333,4488.0,28.308333333333334,42.9,5.166666666666667,45.5,1.0,1.0,0,LOW_02,4500,115.53333333333333,1299.75
Rucua,BX-00 Beyblade 25th Anniversary Set,Set,Takara Tomy,5199.0,MXN,OutOfStock,4,4,4,4,0,4,1,0,"BEYBLADE X es un gear sport que presenta batallas extremas con increíble velocidad e impacto gracias a su truco de superaceleración, X-Dash.
 Para conmemorar el 25 aniversario de Beyblade. El set incluye Dragoon Storm 4-60RA de ""Bakuten Shoot Beyblade"", Storm Pegasus 3-70RA de ""Metal Fight Beyblade"", Victory Valkyrie 2-60RA de ""Beyblade Burst"" y Dran Sword 3-60F Holo Sticker Ver. de ""BEYBLADE X"". 
Los Beyblades de los personajes principales de las primeras temporadas de cada serie de anime ya están disponibles en versiones BEYBLADE X.
Contenido del producto: Blade (4), Ratchet (4), Bit (4), lanzador de jareta (4), jareta (4), Beycode (1), manual de instrucciones (1).",https://rucua.com/products/bx-00-beyblade-25th-anniversary-set,2026-09-21,rucua_bx-00-beyblade-25th-anniversary-set,BX-00,,,,multi_bey_set,multi_bey,4.0,5.550000000000001,46.5,536.0833333333333,4488.0,28.308333333333334,42.9,5.166666666666667,45.5,1.0,1.0,0,LOW_03,5000,103.98,1299.75
Rucua,BX-00 Beyblade 25th Anniversary Set,Set,Takara Tomy,5199.0,MXN,OutOfStock,4,4,4,4,0,4,1,0,"BEYBLADE X es un gear sport que presenta batallas extremas con increíble velocidad e impacto gracias a su truco de superaceleración, X-Dash.
 Para conmemorar el 25 aniversario de Beyblade. El set incluye Dragoon Storm 4-60RA de ""Bakuten Shoot Beyblade"", Storm Pegasus 3-70RA de ""Metal Fight Beyblade"", Victory Valkyrie 2-60RA de ""Beyblade Burst"" y Dran Sword 3-60F Holo Sticker Ver. de ""BEYBLADE X"". 
Los Beyblades de los personajes principales de las primeras temporadas de cada serie de anime ya están disponibles en versiones BEYBLADE X.
Contenido del producto: Blade (4), Ratchet (4), Bit (4), lanzador de jareta (4), jareta (4), Beycode (1), manual de instrucciones (1).",https://rucua.com/products/bx-00-beyblade-25th-anniversary-set,2026-09-21,rucua_bx-00-beyblade-25th-anniversary-set,BX-00,,,,multi_bey_set,multi_bey,4.0,5.550000000000001,46.5,536.0833333333333,4488.0,28.308333333333334,42.9,5.166666666666667,45.5,1.0,1.0,0,LOW_04,5500,94.52727272727273,1299.75
Rucua,BX-00 Beyblade 25th Anniversary Set,Set,Takara Tomy,5199.0,MXN,OutOfStock,4,4,4,4,0,4,1,0,"BEYBLADE X es un gear sport que presenta batallas extremas con increíble velocidad e impacto gracias a su truco de superaceleración, X-Dash.
 Para conmemorar el 25 aniversario de Beyblade. El set incluye Dragoon Storm 4-60RA de ""Bakuten Shoot Beyblade"", Storm Pegasus 3-70RA de ""Metal Fight Beyblade"", Victory Valkyrie 2-60RA de ""Beyblade Burst"" y Dran Sword 3-60F Holo Sticker Ver. de ""BEYBLADE X"". 
Los Beyblades de los personajes principales de las primeras temporadas de cada serie de anime ya están disponibles en versiones BEYBLADE X.
Contenido del producto: Blade (4), Ratchet (4), Bit (4), lanzador de jareta (4), jareta (4), Beycode (1), manual de instrucciones (1).",https://rucua.com/products/bx-00-beyblade-25th-anniversary-set,2026-09-21,rucua_bx-00-beyblade-25th-anniversary-set,BX-00,,,,multi_bey_set,multi_bey,4.0,5.550000000000001,46.5,536.0833333333333,4488.0,28.308333333333334,42.9,5.166666666666667,45.5,1.0,1.0,0,LOW_05,6000,86.65,1299.75
Rucua,BX-00 Beyblade 25th Anniversary Set,Set,Takara Tomy,5199.0,MXN,OutOfStock,4,4,4,4,0,4,1,0,"BEYBLADE X es un gear sport que presenta batallas extremas con increíble velocidad e impacto gracias a su truco de superaceleración, X-Dash.
 Para conmemorar el 25 aniversario de Beyblade. El set incluye Dragoon Storm 4-60RA de ""Bakuten Shoot Beyblade"", Storm Pegasus 3-70RA de ""Metal Fight Beyblade"", Victory Valkyrie 2-60RA de ""Beyblade Burst"" y Dran Sword 3-60F Holo Sticker Ver. de ""BEYBLADE X"". 
Los Beyblades de los personajes principales de las primeras temporadas de cada serie de anime ya están disponibles en versiones BEYBLADE X.
Contenido del producto: Blade (4), Ratchet (4), Bit (4), lanzador de jareta (4), jareta (4), Beycode (1), manual de instrucciones (1).",https://rucua.com/products/bx-00-beyblade-25th-anniversary-set,2026-09-21,rucua_bx-00-beyblade-25th-anniversary-set,BX-00,,,,multi_bey_set,multi_bey,4.0,5.550000000000001,46.5,536.0833333333333,4488.0,28.308333333333334,42.9,5.166666666666667,45.5,1.0,1.0,0,LOW_06,6500,79.98461538461538,1299.75
Rucua,BX-00 Beyblade 25th Anniversary Set,Set,Takara Tomy,5199.0,MXN,OutOfStock,4,4,4,4,0,4,1,0,"BEYBLADE X es un gear sport que presenta batallas extremas con increíble velocidad e impacto gracias a su truco de superaceleración, X-Dash.
 Para conmemorar el 25 aniversario de Beyblade. El set incluye Dragoon Storm 4-60RA de ""Bakuten Shoot Beyblade"", Storm Pegasus 3-70RA de ""Metal Fight Beyblade"", Victory Valkyrie 2-60RA de ""Beyblade Burst"" y Dran Sword 3-60F Holo Sticker Ver. de ""BEYBLADE X"". 
Los Beyblades de los personajes principales de las primeras temporadas de cada serie de anime ya están disponibles en versiones BEYBLADE X.
Contenido del producto: Blade (4), Ratchet (4), Bit (4), lanzador de jareta (4), jareta (4), Beycode (1), manual de instrucciones (1).",https://rucua.com/products/bx-00-beyblade-25th-anniversary-set,2026-09-21,rucua_bx-00-beyblade-25th-anniversary-set,BX-00,,,,multi_bey_set,multi_bey,4.0,5.550000000000001,46.5,536.0833333333333,4488.0,28.308333333333334,42.9,5.166666666666667,45.5,1.0,1.0,0,LOW_07,7000,74.27142857142857,1299.75
Rucua,BX-00 Beyblade 25th Anniversary Set,Set,Takara Tomy,5199.0,MXN,OutOfStock,4,4,4,4,0,4,1,0,"BEYBLADE X es un gear sport que presenta batallas extremas con increíble velocidad e impacto gracias a su truco de superaceleración, X-Dash.
 Para conmemorar el 25 aniversario de Beyblade. El set incluye Dragoon Storm 4-60RA de ""Bakuten Shoot Beyblade"", Storm Pegasus 3-70RA de ""Metal Fight Beyblade"", Victory Valkyrie 2-60RA de ""Beyblade Burst"" y Dran Sword 3-60F Holo Sticker Ver. de ""BEYBLADE X"". 
Los Beyblades de los personajes principales de las primeras temporadas de cada serie de anime ya están disponibles en versiones BEYBLADE X.
Contenido del producto: Blade (4), Ratchet (4), Bit (4), lanzador de jareta (4), jareta (4), Beycode (1), manual de instrucciones (1).",https://rucua.com/products/bx-00-beyblade-25th-anniversary-set,2026-09-21,rucua_bx-00-beyblade-25th-anniversary-set,BX-00,,,,multi_bey_set,multi_bey,4.0,5.550000000000001,46.5,536.0833333333333,4488.0,28.308333333333334,42.9,5.166666666666667,45.5,1.0,1.0,0,LOW_08,7500,69.32000000000001,1299.75
Rucua,BX-00 Beyblade 25th Anniversary Set,Set,Takara Tomy,5199.0,MXN,OutOfStock,4,4,4,4,0,4,1,0,"BEYBLADE X es un gear sport que presenta batallas extremas con increíble velocidad e impacto gracias a su truco de superaceleración, X-Dash.
 Para conmemorar el 25 aniversario de Beyblade. El set incluye Dragoon Storm 4-60RA de ""Bakuten Shoot Beyblade"", Storm Pegasus 3-70RA de ""Metal Fight Beyblade"", Victory Valkyrie 2-60RA de ""Beyblade Burst"" y Dran Sword 3-60F Holo Sticker Ver. de ""BEYBLADE X"". 
Los Beyblades de los personajes principales de las primeras temporadas de cada serie de anime ya están disponibles en versiones BEYBLADE X.
Contenido del producto: Blade (4), Ratchet (4), Bit (4), lanzador de jareta (4), jareta (4), Beycode (1), manual de instrucciones (1).",https://rucua.com/products/bx-00-beyblade-25th-anniversary-set,2026-09-21,rucua_bx-00-beyblade-25th-anniversary-set,BX-00,,,,multi_bey_set,multi_bey,4.0,5.550000000000001,46.5,536.0833333333333,4488.0,28.308333333333334,42.9,5.166666666666667,45.5,1.0,1.0,0,LOW_09,8000,64.9875,1299.75
Rucua,BX-00 Beyblade 25th Anniversary Set,Set,Takara Tomy,5199.0,MXN,OutOfStock,4,4,4,4,0,4,1,0,"BEYBLADE X es un gear sport que presenta batallas extremas con increíble velocidad e impacto gracias a su truco de superaceleración, X-Dash.
 Para conmemorar el 25 aniversario de Beyblade. El set incluye Dragoon Storm 4-60RA de ""Bakuten Shoot Beyblade"", Storm Pegasus 3-70RA de ""Metal Fight Beyblade"", Victory Valkyrie 2-60RA de ""Beyblade Burst"" y Dran Sword 3-60F Holo Sticker Ver. de ""BEYBLADE X"". 
Los Beyblades de los personajes principales de las primeras temporadas de cada serie de anime ya están disponibles en versiones BEYBLADE X.
Contenido del producto: Blade (4), Ratchet (4), Bit (4), lanzador de jareta (4), jareta (4), Beycode (1), manual de instrucciones (1).",https://rucua.com/products/bx-00-beyblade-25th-anniversary-set,2026-09-21,rucua_bx-00-beyblade-25th-anniversary-set,BX-00,,,,multi_bey_set,multi_bey,4.0,5.550000000000001,46.5,536.0833333333333,4488.0,28.308333333333334,42.9,5.166666666666667,45.5,1.0,1.0,0,LOW_10,8500,61.16470588235294,1299.75
Rucua,BX-00 Beyblade 25th Anniversary Set,Set,Takara Tomy,5199.0,MXN,OutOfStock,4,4,4,4,0,4,1,0,"BEYBLADE X es un gear sport que presenta batallas extremas con increíble velocidad e impacto gracias a su truco de superaceleración, X-Dash.
 Para conmemorar el 25 aniversario de Beyblade. El set incluye Dragoon Storm 4-60RA de ""Bakuten Shoot Beyblade"", Storm Pegasus 3-70RA de ""Metal Fight Beyblade"", Victory Valkyrie 2-60RA de ""Beyblade Burst"" y Dran Sword 3-60F Holo Sticker Ver. de ""BEYBLADE X"". 
Los Beyblades de los personajes principales de las primeras temporadas de cada serie de anime ya están disponibles en versiones BEYBLADE X.
Contenido del producto: Blade (4), Ratchet (4), Bit (4), lanzador de jareta (4), jareta (4), Beycode (1), manual de instrucciones (1).",https://rucua.com/products/bx-00-beyblade-25th-anniversary-set,2026-09-21,rucua_bx-00-beyblade-25th-anniversary-set,BX-00,,,,multi_bey_set,multi_bey,4.0,5.550000000000001,46.5,536.0833333333333,4488.0,28.308333333333334,42.9,5.166666666666667,45.5,1.0,1.0,0,LOW_11,8999,57.773085898433166,1299.75
Rucua,BX-00 Booster Cobalt Drake 4-60F Clear Ver.,Booster,Takara Tomy,1599.0,MXN,OutOfStock,1,1,1,0,0,1,0,0,"BEYBLADE X es un gear sport que presenta batallas extremas con increíble velocidad e impacto gracias a su truco de superaceleración, X-Dash.
Contenido del producto: Blade (1), Ratchet (1), Bit (1), Beycode (1), manual de instrucciones (1).",https://rucua.com/products/bx-00-booster-cobalt-drake-4-60f-clear-ver,2026-09-21,rucua_bx-00-booster-cobalt-drake-4-60f-clear-ver,BX-00,4-60,F,Cobalt Drake,matched,resolved,1.0,2.3333333333333335,3.2,224.66666666666666,313.0,27.333333333333332,31.4,1.7666666666666668,2.2,1.0,1.0,0,LOW_01,4001,39.965008747813044,1599.0
Rucua,BX-00 Booster Cobalt Drake 4-60F Clear Ver.,Booster,Takara Tomy,1599.0,MXN,OutOfStock,1,1,1,0,0,1,0,0,"BEYBLADE X es un gear sport que presenta batallas extremas con increíble velocidad e impacto gracias a su truco de superaceleración, X-Dash.
Contenido del producto: Blade (1), Ratchet (1), Bit (1), Beycode (1), manual de instrucciones (1).",https://rucua.com/products/bx-00-booster-cobalt-drake-4-60f-clear-ver,2026-09-21,rucua_bx-00-booster-cobalt-drake-4-60f-clear-ver,BX-00,4-60,F,Cobalt Drake,matched,resolved,1.0,2.3333333333333335,3.2,224.66666666666666,313.0,27.333333333333332,31.4,1.7666666666666668,2.2,1.0,1.0,0,LOW_02,4500,35.53333333333333,1599.0
Rucua,BX-00 Booster Cobalt Drake 4-60F Clear Ver.,Booster,Takara Tomy,1599.0,MXN,OutOfStock,1,1,1,0,0,1,0,0,"BEYBLADE X es un gear sport que presenta batallas extremas con increíble velocidad e impacto gracias a su truco de superaceleración, X-Dash.
Contenido del producto: Blade (1), Ratchet (1), Bit (1), Beycode (1), manual de instrucciones (1).",https://rucua.com/products/bx-00-booster-cobalt-drake-4-60f-clear-ver,2026-09-21,rucua_bx-00-booster-cobalt-drake-4-60f-clear-ver,BX-00,4-60,F,Cobalt Drake,matched,resolved,1.0,2.3333333333333335,3.2,224.66666666666666,313.0,27.333333333333332,31.4,1.7666666666666668,2.2,1.0,1.0,0,LOW_03,5000,31.979999999999997,1599.0
Rucua,BX-00 Booster Cobalt Drake 4-60F Clear Ver.,Booster,Takara Tomy,1599.0,MXN,OutOfStock,1,1,1,0,0,1,0,0,"BEYBLADE X es un gear sport que presenta batallas extremas con increíble velocidad e impacto gracias a su truco de superaceleración, X-Dash.
Contenido del producto: Blade (1), Ratchet (1), Bit (1), Beycode (1), manual de instrucciones (1).",https://rucua.com/products/bx-00-booster-cobalt-drake-4-60f-clear-ver,2026-09-21,rucua_bx-00-booster-cobalt-drake-4-60f-clear-ver,BX-00,4-60,F,Cobalt Drake,matched,resolved,1.0,2.3333333333333335,3.2,224.66666666666666,313.0,27.333333333333332,31.4,1.7666666666666668,2.2,1.0,1.0,0,LOW_04,5500,29.07272727272727,1599.0
Rucua,BX-00 Booster Cobalt Drake 4-60F Clear Ver.,Booster,Takara Tomy,1599.0,MXN,OutOfStock,1,1,1,0,0,1,0,0,"BEYBLADE X es un gear sport que presenta batallas extremas con increíble velocidad e impacto gracias a su truco de superaceleración, X-Dash.
Contenido del producto: Blade (1), Ratchet (1), Bit (1), Beycode (1), manual de instrucciones (1).",https://rucua.com/products/bx-00-booster-cobalt-drake-4-60f-clear-ver,2026-09-21,rucua_bx-00-booster-cobalt-drake-4-60f-clear-ver,BX-00,4-60,F,Cobalt Drake,matched,resolved,1.0,2.3333333333333335,3.2,224.66666666666666,313.0,27.333333333333332,31.4,1.7666666666666668,2.2,1.0,1.0,0,LOW_05,6000,26.650000000000002,1599.0
Rucua,BX-00 Booster Cobalt Drake 4-60F Clear Ver.,Booster,Takara Tomy,1599.0,MXN,OutOfStock,1,1,1,0,0,1,0,0,"BEYBLADE X es un gear sport que presenta batallas extremas con increíble velocidad e impacto gracias a su truco de superaceleración, X-Dash.
Contenido del producto: Blade (1), Ratchet (1), Bit (1), Beycode (1), manual de instrucciones (1).",https://rucua.com/products/bx-00-booster-cobalt-drake-4-60f-clear-ver,2026-09-21,rucua_bx-00-booster-cobalt-drake-4-60f-clear-ver,BX-00,4-60,F,Cobalt Drake,matched,resolved,1.0,2.3333333333333335,3.2,224.66666666666666,313.0,27.333333333333332,31.4,1.7666666666666668,2.2,1.0,1.0,0,LOW_06,6500,24.6,1599.0
Rucua,BX-00 Booster Cobalt Drake 4-60F Clear Ver.,Booster,Takara Tomy,1599.0,MXN,OutOfStock,1,1,1,0,0,1,0,0,"BEYBLADE X es un gear sport que presenta batallas extremas con increíble velocidad e impacto gracias a su truco de superaceleración, X-Dash.
Contenido del producto: Blade (1), Ratchet (1), Bit (1), Beycode (1), manual de instrucciones (1).",https://rucua.com/products/bx-00-booster-cobalt-drake-4-60f-clear-ver,2026-09-21,rucua_bx-00-booster-cobalt-drake-4-60f-clear-ver,BX-00,4-60,F,Cobalt Drake,matched,resolved,1.0,2.3333333333333335,3.2,224.66666666666666,313.0,27.333333333333332,31.4,1.7666666666666668,2.2,1.0,1.0,0,LOW_07,7000,22.84285714285714,1599.0
Rucua,BX-00 Booster Cobalt Drake 4-60F Clear Ver.,Booster,Takara Tomy,1599.0,MXN,OutOfStock,1,1,1,0,0,1,0,0,"BEYBLADE X es un gear sport que presenta batallas extremas con increíble velocidad e impacto gracias a su truco de superaceleración, X-Dash.
Contenido del producto: Blade (1), Ratchet (1), Bit (1), Beycode (1), manual de instrucciones (1).",https://rucua.com/products/bx-00-booster-cobalt-drake-4-60f-clear-ver,2026-09-21,rucua_bx-00-booster-cobalt-drake-4-60f-clear-ver,BX-00,4-60,F,Cobalt Drake,matched,resolved,1.0,2.3333333333333335,3.2,224.66666666666666,313.0,27.333333333333332,31.4,1.7666666666666668,2.2,1.0,1.0,0,LOW_08,7500,21.32,1599.0
Rucua,BX-00 Booster Cobalt Drake 4-60F Clear Ver.,Booster,Takara Tomy,1599.0,MXN,OutOfStock,1,1,1,0,0,1,0,0,"BEYBLADE X es un gear sport que presenta batallas extremas con increíble velocidad e impacto gracias a su truco de superaceleración, X-Dash.
Contenido del producto: Blade (1), Ratchet (1), Bit (1), Beycode (1), manual de instrucciones (1).",https://rucua.com/products/bx-00-booster-cobalt-drake-4-60f-clear-ver,2026-09-21,rucua_bx-00-booster-cobalt-drake-4-60f-clear-ver,BX-00,4-60,F,Cobalt Drake,matched,resolved,1.0,2.3333333333333335,3.2,224.66666666666666,313.0,27.333333333333332,31.4,1.7666666666666668,2.2,1.0,1.0,0,LOW_09,8000,19.9875,1599.0
Rucua,BX-00 Booster Cobalt Drake 4-60F Clear Ver.,Booster,Takara Tomy,1599.0,MXN,OutOfStock,1,1,1,0,0,1,0,0,"BEYBLADE X es un gear sport que presenta batallas extremas con increíble velocidad e impacto gracias a su truco de superaceleración, X-Dash.
Contenido del producto: Blade (1), Ratchet (1), Bit (1), Beycode (1), manual de instrucciones (1).",https://rucua.com/products/bx-00-booster-cobalt-drake-4-60f-clear-ver,2026-09-21,rucua_bx-00-booster-cobalt-drake-4-60f-clear-ver,BX-00,4-60,F,Cobalt Drake,matched,resolved,1.0,2.3333333333333335,3.2,224.66666666666666,313.0,27.333333333333332,31.4,1.7666666666666668,2.2,1.0,1.0,0,LOW_10,8500,18.811764705882354,1599.0
Rucua,BX-00 Booster Cobalt Drake 4-60F Clear Ver.,Booster,Takara Tomy,1599.0,MXN,OutOfStock,1,1,1,0,0,1,0,0,"BEYBLADE X es un gear sport que presenta batallas extremas con increíble velocidad e impacto gracias a su truco de superaceleración, X-Dash.
Contenido del producto: Blade (1), Ratchet (1), Bit (1), Beycode (1), manual de instrucciones (1).",https://rucua.com/products/bx-00-booster-cobalt-drake-4-60f-clear-ver,2026-09-21,rucua_bx-00-booster-cobalt-drake-4-60f-clear-ver,BX-00,4-60,F,Cobalt Drake,matched,resolved,1.0,2.3333333333333335,3.2,224.66666666666666,313.0,27.333333333333332,31.4,1.7666666666666668,2.2,1.0,1.0,0,LOW_11,8999,17.76864096010668,1599.0
Rucua,BX-00 Booster Cobalt Drake 4-60F Metal Coat: Blue Ver.,Booster,Takara Tomy,4699.0,MXN,InStock,1,1,1,0,0,1,0,0,"BEYBLADE X es un gear sport que presenta batallas extremas con increíble velocidad e impacto gracias a su truco de superaceleración, X-Dash.
Contenido del producto: Blade (1), Ratchet (1), Bit (1), Beycode (1), manual de instrucciones (1).",https://rucua.com/products/bx-00-booster-cobalt-drake-4-60f-metal-coat-blue-ver,2026-09-21,rucua_bx-00-booster-cobalt-drake-4-60f-metal-coat-blue-ver,BX-00,4-60,F,Cobalt Drake,matched,resolved,1.0,2.3333333333333335,3.2,224.66666666666666,313.0,27.333333333333332,31.4,1.7666666666666668,2.2,1.0,1.0,1,LOW_01,4001,117.44563859035242,4699.0
Rucua,BX-00 Booster Cobalt Drake 4-60F Metal Coat: Blue Ver.,Booster,Takara Tomy,4699.0,MXN,InStock,1,1,1,0,0,1,0,0,"BEYBLADE X es un gear sport que presenta batallas extremas con increíble velocidad e impacto gracias a su truco de superaceleración, X-Dash.
Contenido del producto: Blade (1), Ratchet (1), Bit (1), Beycode (1), manual de instrucciones (1).",https://rucua.com/products/bx-00-booster-cobalt-drake-4-60f-metal-coat-blue-ver,2026-09-21,rucua_bx-00-booster-cobalt-drake-4-60f-metal-coat-blue-ver,BX-00,4-60,F,Cobalt Drake,matched,resolved,1.0,2.3333333333333335,3.2,224.66666666666666,313.0,27.333333333333332,31.4,1.7666666666666668,2.2,1.0,1.0,1,LOW_02,4500,104.42222222222222,4699.0
Rucua,BX-00 Booster Cobalt Drake 4-60F Metal Coat: Blue Ver.,Booster,Takara Tomy,4699.0,MXN,InStock,1,1,1,0,0,1,0,0,"BEYBLADE X es un gear sport que presenta batallas extremas con increíble velocidad e impacto gracias a su truco de superaceleración, X-Dash.
Contenido del producto: Blade (1), Ratchet (1), Bit (1), Beycode (1), manual de instrucciones (1).",https://rucua.com/products/bx-00-booster-cobalt-drake-4-60f-metal-coat-blue-ver,2026-09-21,rucua_bx-00-booster-cobalt-drake-4-60f-metal-coat-blue-ver,BX-00,4-60,F,Cobalt Drake,matched,resolved,1.0,2.3333333333333335,3.2,224.66666666666666,313.0,27.333333333333332,31.4,1.7666666666666668,2.2,1.0,1.0,1,LOW_03,5000,93.97999999999999,4699.0
Rucua,BX-00 Booster Cobalt Drake 4-60F Metal Coat: Blue Ver.,Booster,Takara Tomy,4699.0,MXN,InStock,1,1,1,0,0,1,0,0,"BEYBLADE X es un gear sport que presenta batallas extremas con increíble velocidad e impacto gracias a su truco de superaceleración, X-Dash.
Contenido del producto: Blade (1), Ratchet (1), Bit (1), Beycode (1), manual de instrucciones (1).",https://rucua.com/products/bx-00-booster-cobalt-drake-4-60f-metal-coat-blue-ver,2026-09-21,rucua_bx-00-booster-cobalt-drake-4-60f-metal-coat-blue-ver,BX-00,4-60,F,Cobalt Drake,matched,resolved,1.0,2.3333333333333335,3.2,224.66666666666666,313.0,27.333333333333332,31.4,1.7666666666666668,2.2,1.0,1.0,1,LOW_04,5500,85.43636363636364,4699.0
Rucua,BX-00 Booster Cobalt Drake 4-60F Metal Coat: Blue Ver.,Booster,Takara Tomy,4699.0,MXN,InStock,1,1,1,0,0,1,0,0,"BEYBLADE X es un gear sport que presenta batallas extremas con increíble velocidad e impacto gracias a su truco de superaceleración, X-Dash.
Contenido del producto: Blade (1), Ratchet (1), Bit (1), Beycode (1), manual de instrucciones (1).",https://rucua.com/products/bx-00-booster-cobalt-drake-4-60f-metal-coat-blue-ver,2026-09-21,rucua_bx-00-booster-cobalt-drake-4-60f-metal-coat-blue-ver,BX-00,4-60,F,Cobalt Drake,matched,resolved,1.0,2.3333333333333335,3.2,224.66666666666666,313.0,27.333333333333332,31.4,1.7666666666666668,2.2,1.0,1.0,1,LOW_05,6000,78.31666666666666,4699.0
Rucua,BX-00 Booster Cobalt Drake 4-60F Metal Coat: Blue Ver.,Booster,Takara Tomy,4699.0,MXN,InStock,1,1,1,0,0,1,0,0,"BEYBLADE X es un gear sport que presenta batallas extremas con increíble velocidad e impacto gracias a su truco de superaceleración, X-Dash.
Contenido del producto: Blade (1), Ratchet (1), Bit (1), Beycode (1), manual de instrucciones (1).",https://rucua.com/products/bx-00-booster-cobalt-drake-4-60f-metal-coat-blue-ver,2026-09-21,rucua_bx-00-booster-cobalt-drake-4-60f-metal-coat-blue-ver,BX-00,4-60,F,Cobalt Drake,matched,resolved,1.0,2.3333333333333335,3.2,224.66666666666666,313.0,27.333333333333332,31.4,1.7666666666666668,2.2,1.0,1.0,1,LOW_06,6500,72.29230769230769,4699.0
Rucua,BX-00 Booster Cobalt Drake 4-60F Metal Coat: Blue Ver.,Booster,Takara Tomy,4699.0,MXN,InStock,1,1,1,0,0,1,0,0,"BEYBLADE X es un gear sport que presenta batallas extremas con increíble velocidad e impacto gracias a su truco de superaceleración, X-Dash.
Contenido del producto: Blade (1), Ratchet (1), Bit (1), Beycode (1), manual de instrucciones (1).",https://rucua.com/products/bx-00-booster-cobalt-drake-4-60f-metal-coat-blue-ver,2026-09-21,rucua_bx-00-booster-cobalt-drake-4-60f-metal-coat-blue-ver,BX-00,4-60,F,Cobalt Drake,matched,resolved,1.0,2.3333333333333335,3.2,224.66666666666666,313.0,27.333333333333332,31.4,1.7666666666666668,2.2,1.0,1.0,1,LOW_07,7000,67.12857142857143,4699.0
Rucua,BX-00 Booster Cobalt Drake 4-60F Metal Coat: Blue Ver.,Booster,Takara Tomy,4699.0,MXN,InStock,1,1,1,0,0,1,0,0,"BEYBLADE X es un gear sport que presenta batallas extremas con increíble velocidad e impacto gracias a su truco de superaceleración, X-Dash.
Contenido del producto: Blade (1), Ratchet (1), Bit (1), Beycode (1), manual de instrucciones (1).",https://rucua.com/products/bx-00-booster-cobalt-drake-4-60f-metal-coat-blue-ver,2026-09-21,rucua_bx-00-booster-cobalt-drake-4-60f-metal-coat-blue-ver,BX-00,4-60,F,Cobalt Drake,matched,resolved,1.0,2.3333333333333335,3.2,224.66666666666666,313.0,27.333333333333332,31.4,1.7666666666666668,2.2,1.0,1.0,1,LOW_08,7500,62.653333333333336,4699.0
Rucua,BX-00 Booster Cobalt Drake 4-60F Metal Coat: Blue Ver.,Booster,Takara Tomy,4699.0,MXN,InStock,1,1,1,0,0,1,0,0,"BEYBLADE X es un gear sport que presenta batallas extremas con increíble velocidad e impacto gracias a su truco de superaceleración, X-Dash.
Contenido del producto: Blade (1), Ratchet (1), Bit (1), Beycode (1), manual de instrucciones (1).",https://rucua.com/products/bx-00-booster-cobalt-drake-4-60f-metal-coat-blue-ver,2026-09-21,rucua_bx-00-booster-cobalt-drake-4-60f-metal-coat-blue-ver,BX-00,4-60,F,Cobalt Drake,matched,resolved,1.0,2.3333333333333335,3.2,224.66666666666666,313.0,27.333333333333332,31.4,1.7666666666666668,2.2,1.0,1.0,1,LOW_09,8000,58.7375,4699.0
Rucua,BX-00 Booster Cobalt Drake 4-60F Metal Coat: Blue Ver.,Booster,Takara Tomy,4699.0,MXN,InStock,1,1,1,0,0,1,0,0,"BEYBLADE X es un gear sport que presenta batallas extremas con increíble velocidad e impacto gracias a su truco de superaceleración, X-Dash.
Contenido del producto: Blade (1), Ratchet (1), Bit (1), Beycode (1), manual de instrucciones (1).",https://rucua.com/products/bx-00-booster-cobalt-drake-4-60f-metal-coat-blue-ver,2026-09-21,rucua_bx-00-booster-cobalt-drake-4-60f-metal-coat-blue-ver,BX-00,4-60,F,Cobalt Drake,matched,resolved,1.0,2.3333333333333335,3.2,224.66666666666666,313.0,27.333333333333332,31.4,1.7666666666666668,2.2,1.0,1.0,1,LOW_10,8500,55.28235294117647,4699.0
Rucua,BX-00 Booster Cobalt Drake 4-60F Metal Coat: Blue Ver.,Booster,Takara Tomy,4699.0,MXN,InStock,1,1,1,0,0,1,0,0,"BEYBLADE X es un gear sport que presenta batallas extremas con increíble velocidad e impacto gracias a su truco de superaceleración, X-Dash.
Contenido del producto: Blade (1), Ratchet (1), Bit (1), Beycode (1), manual de instrucciones (1).",https://rucua.com/products/bx-00-booster-cobalt-drake-4-60f-metal-coat-blue-ver,2026-09-21,rucua_bx-00-booster-cobalt-drake-4-60f-metal-coat-blue-ver,BX-00,4-60,F,Cobalt Drake,matched,resolved,1.0,2.3333333333333335,3.2,224.66666666666666,313.0,27.333333333333332,31.4,1.7666666666666668,2.2,1.0,1.0,1,LOW_11,8999,52.216912990332254,4699.0
Rucua,BX-00 Booster Draciel Shield 7-60D,Booster,Takara Tomy,599.0,MXN,OutOfStock,1,1,1,0,0,1,0,0,"BEYBLADE X es un gear sport que presenta batallas extremas con increíble velocidad e impacto gracias a su truco de superaceleración, X-Dash.
Contenido del producto: Blade (1), Ratchet (1), Bit (1), Beycode (1), manual de instrucciones (1).",https://rucua.com/products/bx-00-booster-draciel-shield-7-60d,2026-09-21,rucua_bx-00-booster-draciel-shield-7-60d,BX-00,7-60,D,Draciel Shield,matched,resolved,1.0,8.133333333333335,23.7,784.0,2286.0,34.333333333333336,44.4,8.033333333333333,23.6,1.0,1.0,0,LOW_01,4001,14.971257185703573,599.0
Rucua,BX-00 Booster Draciel Shield 7-60D,Booster,Takara Tomy,599.0,MXN,OutOfStock,1,1,1,0,0,1,0,0,"BEYBLADE X es un gear sport que presenta batallas extremas con increíble velocidad e impacto gracias a su truco de superaceleración, X-Dash.
Contenido del producto: Blade (1), Ratchet (1), Bit (1), Beycode (1), manual de instrucciones (1).",https://rucua.com/products/bx-00-booster-draciel-shield-7-60d,2026-09-21,rucua_bx-00-booster-draciel-shield-7-60d,BX-00,7-60,D,Draciel Shield,matched,resolved,1.0,8.133333333333335,23.7,784.0,2286.0,34.333333333333336,44.4,8.033333333333333,23.6,1.0,1.0,0,LOW_02,4500,13.311111111111112,599.0
Rucua,BX-00 Booster Draciel Shield 7-60D,Booster,Takara Tomy,599.0,MXN,OutOfStock,1,1,1,0,0,1,0,0,"BEYBLADE X es un gear sport que presenta batallas extremas con increíble velocidad e impacto gracias a su truco de superaceleración, X-Dash.
Contenido del producto: Blade (1), Ratchet (1), Bit (1), Beycode (1), manual de instrucciones (1).",https://rucua.com/products/bx-00-booster-draciel-shield-7-60d,2026-09-21,rucua_bx-00-booster-draciel-shield-7-60d,BX-00,7-60,D,Draciel Shield,matched,resolved,1.0,8.133333333333335,23.7,784.0,2286.0,34.333333333333336,44.4,8.033333333333333,23.6,1.0,1.0,0,LOW_03,5000,11.98,599.0
Rucua,BX-00 Booster Draciel Shield 7-60D,Booster,Takara Tomy,599.0,MXN,OutOfStock,1,1,1,0,0,1,0,0,"BEYBLADE X es un gear sport que presenta batallas extremas con increíble velocidad e impacto gracias a su truco de superaceleración, X-Dash.
Contenido del producto: Blade (1), Ratchet (1), Bit (1), Beycode (1), manual de instrucciones (1).",https://rucua.com/products/bx-00-booster-draciel-shield-7-60d,2026-09-21,rucua_bx-00-booster-draciel-shield-7-60d,BX-00,7-60,D,Draciel Shield,matched,resolved,1.0,8.133333333333335,23.7,784.0,2286.0,34.333333333333336,44.4,8.033333333333333,23.6,1.0,1.0,0,LOW_04,5500,10.89090909090909,599.0
Rucua,BX-00 Booster Draciel Shield 7-60D,Booster,Takara Tomy,599.0,MXN,OutOfStock,1,1,1,0,0,1,0,0,"BEYBLADE X es un gear sport que presenta batallas extremas con increíble velocidad e impacto gracias a su truco de superaceleración, X-Dash.
Contenido del producto: Blade (1), Ratchet (1), Bit (1), Beycode (1), manual de instrucciones (1).",https://rucua.com/products/bx-00-booster-draciel-shield-7-60d,2026-09-21,rucua_bx-00-booster-draciel-shield-7-60d,BX-00,7-60,D,Draciel Shield,matched,resolved,1.0,8.133333333333335,23.7,784.0,2286.0,34.333333333333336,44.4,8.033333333333333,23.6,1.0,1.0,0,LOW_05,6000,9.983333333333333,599.0
Rucua,BX-00 Booster Draciel Shield 7-60D,Booster,Takara Tomy,599.0,MXN,OutOfStock,1,1,1,0,0,1,0,0,"BEYBLADE X es un gear sport que presenta batallas extremas con increíble velocidad e impacto gracias a su truco de superaceleración, X-Dash.
Contenido del producto: Blade (1), Ratchet (1), Bit (1), Beycode (1), manual de instrucciones (1).",https://rucua.com/products/bx-00-booster-draciel-shield-7-60d,2026-09-21,rucua_bx-00-booster-draciel-shield-7-60d,BX-00,7-60,D,Draciel Shield,matched,resolved,1.0,8.133333333333335,23.7,784.0,2286.0,34.333333333333336,44.4,8.033333333333333,23.6,1.0,1.0,0,LOW_06,6500,9.215384615384616,599.0
Rucua,BX-00 Booster Draciel Shield 7-60D,Booster,Takara Tomy,599.0,MXN,OutOfStock,1,1,1,0,0,1,0,0,"BEYBLADE X es un gear sport que presenta batallas extremas con increíble velocidad e impacto gracias a su truco de superaceleración, X-Dash.
Contenido del producto: Blade (1), Ratchet (1), Bit (1), Beycode (1), manual de instrucciones (1).",https://rucua.com/products/bx-00-booster-draciel-shield-7-60d,2026-09-21,rucua_bx-00-booster-draciel-shield-7-60d,BX-00,7-60,D,Draciel Shield,matched,resolved,1.0,8.133333333333335,23.7,784.0,2286.0,34.333333333333336,44.4,8.033333333333333,23.6,1.0,1.0,0,LOW_07,7000,8.557142857142857,599.0
Rucua,BX-00 Booster Draciel Shield 7-60D,Booster,Takara Tomy,599.0,MXN,OutOfStock,1,1,1,0,0,1,0,0,"BEYBLADE X es un gear sport que presenta batallas extremas con increíble velocidad e impacto gracias a su truco de superaceleración, X-Dash.
Contenido del producto: Blade (1), Ratchet (1), Bit (1), Beycode (1), manual de instrucciones (1).",https://rucua.com/products/bx-00-booster-draciel-shield-7-60d,2026-09-21,rucua_bx-00-booster-draciel-shield-7-60d,BX-00,7-60,D,Draciel Shield,matched,resolved,1.0,8.133333333333335,23.7,784.0,2286.0,34.333333333333336,44.4,8.033333333333333,23.6,1.0,1.0,0,LOW_08,7500,7.986666666666667,599.0
Rucua,BX-00 Booster Draciel Shield 7-60D,Booster,Takara Tomy,599.0,MXN,OutOfStock,1,1,1,0,0,1,0,0,"BEYBLADE X es un gear sport que presenta batallas extremas con increíble velocidad e impacto gracias a su truco de superaceleración, X-Dash.
Contenido del producto: Blade (1), Ratchet (1), Bit (1), Beycode (1), manual de instrucciones (1).",https://rucua.com/products/bx-00-booster-draciel-shield-7-60d,2026-09-21,rucua_bx-00-booster-draciel-shield-7-60d,BX-00,7-60,D,Draciel Shield,matched,resolved,1.0,8.133333333333335,23.7,784.0,2286.0,34.333333333333336,44.4,8.033333333333333,23.6,1.0,1.0,0,LOW_09,8000,7.4875,599.0
Rucua,BX-00 Booster Draciel Shield 7-60D,Booster,Takara Tomy,599.0,MXN,OutOfStock,1,1,1,0,0,1,0,0,"BEYBLADE X es un gear sport que presenta batallas extremas con increíble velocidad e impacto gracias a su truco de superaceleración, X-Dash.
Contenido del producto: Blade (1), Ratchet (1), Bit (1), Beycode (1), manual de instrucciones (1).",https://rucua.com/products/bx-00-booster-draciel-shield-7-60d,2026-09-21,rucua_bx-00-booster-draciel-shield-7-60d,BX-00,7-60,D,Draciel Shield,matched,resolved,1.0,8.133333333333335,23.7,784.0,2286.0,34.333333333333336,44.4,8.033333333333333,23.6,1.0,1.0,0,LOW_10,8500,7.047058823529412,599.0
Rucua,BX-00 Booster Draciel Shield 7-60D,Booster,Takara Tomy,599.0,MXN,OutOfStock,1,1,1,0,0,1,0,0,"BEYBLADE X es un gear sport que presenta batallas extremas con increíble velocidad e impacto gracias a su truco de superaceleración, X-Dash.
Contenido del producto: Blade (1), Ratchet (1), Bit (1), Beycode (1), manual de instrucciones (1).",https://rucua.com/products/bx-00-booster-draciel-shield-7-60d,2026-09-21,rucua_bx-00-booster-draciel-shield-7-60d,BX-00,7-60,D,Draciel Shield,matched,resolved,1.0,8.133333333333335,23.7,784.0,2286.0,34.333333333333336,44.4,8.033333333333333,23.6,1.0,1.0,0,LOW_11,8999,6.656295143904877,599.0
Rucua,BX-00 Booster Dragoon Storm 4-60RA,Booster,Takara Tomy,599.0,MXN,OutOfStock,1,1,1,0,0,1,0,0,"BEYBLADE X es un gear sport que presenta batallas extremas con increíble velocidad e impacto gracias a su truco de superaceleración, X-Dash.
Contenido del producto: Blade (1), Ratchet (1), Bit (1), Beycode (1), manual de instrucciones (1).",https://rucua.com/products/bx-00-booster-dragoon-storm-4-60ra,2026-09-21,rucua_bx-00-booster-dragoon-storm-4-60ra,BX-00,4-60,RA,Dragoon Storm,matched,resolved,1.0,1.9333333333333333,2.8,185.66666666666666,273.0,28.166666666666668,28.6,1.5666666666666667,2.4,1.0,1.0,0,LOW_01,4001,14.971257185703573,599.0
Rucua,BX-00 Booster Dragoon Storm 4-60RA,Booster,Takara Tomy,599.0,MXN,OutOfStock,1,1,1,0,0,1,0,0,"BEYBLADE X es un gear sport que presenta batallas extremas con increíble velocidad e impacto gracias a su truco de superaceleración, X-Dash.
Contenido del producto: Blade (1), Ratchet (1), Bit (1), Beycode (1), manual de instrucciones (1).",https://rucua.com/products/bx-00-booster-dragoon-storm-4-60ra,2026-09-21,rucua_bx-00-booster-dragoon-storm-4-60ra,BX-00,4-60,RA,Dragoon Storm,matched,resolved,1.0,1.9333333333333333,2.8,185.66666666666666,273.0,28.166666666666668,28.6,1.5666666666666667,2.4,1.0,1.0,0,LOW_02,4500,13.311111111111112,599.0
Rucua,BX-00 Booster Dragoon Storm 4-60RA,Booster,Takara Tomy,599.0,MXN,OutOfStock,1,1,1,0,0,1,0,0,"BEYBLADE X es un gear sport que presenta batallas extremas con increíble velocidad e impacto gracias a su truco de superaceleración, X-Dash.
Contenido del producto: Blade (1), Ratchet (1), Bit (1), Beycode (1), manual de instrucciones (1).",https://rucua.com/products/bx-00-booster-dragoon-storm-4-60ra,2026-09-21,rucua_bx-00-booster-dragoon-storm-4-60ra,BX-00,4-60,RA,Dragoon Storm,matched,resolved,1.0,1.9333333333333333,2.8,185.66666666666666,273.0,28.166666666666668,28.6,1.5666666666666667,2.4,1.0,1.0,0,LOW_03,5000,11.98,599.0
Rucua,BX-00 Booster Dragoon Storm 4-60RA,Booster,Takara Tomy,599.0,MXN,OutOfStock,1,1,1,0,0,1,0,0,"BEYBLADE X es un gear sport que presenta batallas extremas con increíble velocidad e impacto gracias a su truco de superaceleración, X-Dash.
Contenido del producto: Blade (1), Ratchet (1), Bit (1), Beycode (1), manual de instrucciones (1).",https://rucua.com/products/bx-00-booster-dragoon-storm-4-60ra,2026-09-21,rucua_bx-00-booster-dragoon-storm-4-60ra,BX-00,4-60,RA,Dragoon Storm,matched,resolved,1.0,1.9333333333333333,2.8,185.66666666666666,273.0,28.166666666666668,28.6,1.5666666666666667,2.4,1.0,1.0,0,LOW_04,5500,10.89090909090909,599.0
Rucua,BX-00 Booster Dragoon Storm 4-60RA,Booster,Takara Tomy,599.0,MXN,OutOfStock,1,1,1,0,0,1,0,0,"BEYBLADE X es un gear sport que presenta batallas extremas con increíble velocidad e impacto gracias a su truco de superaceleración, X-Dash.
Contenido del producto: Blade (1), Ratchet (1), Bit (1), Beycode (1), manual de instrucciones (1).",https://rucua.com/products/bx-00-booster-dragoon-storm-4-60ra,2026-09-21,rucua_bx-00-booster-dragoon-storm-4-60ra,BX-00,4-60,RA,Dragoon Storm,matched,resolved,1.0,1.9333333333333333,2.8,185.66666666666666,273.0,28.166666666666668,28.6,1.5666666666666667,2.4,1.0,1.0,0,LOW_05,6000,9.983333333333333,599.0
Rucua,BX-00 Booster Dragoon Storm 4-60RA,Booster,Takara Tomy,599.0,MXN,OutOfStock,1,1,1,0,0,1,0,0,"BEYBLADE X es un gear sport que presenta batallas extremas con increíble velocidad e impacto gracias a su truco de superaceleración, X-Dash.
Contenido del producto: Blade (1), Ratchet (1), Bit (1), Beycode (1), manual de instrucciones (1).",https://rucua.com/products/bx-00-booster-dragoon-storm-4-60ra,2026-09-21,rucua_bx-00-booster-dragoon-storm-4-60ra,BX-00,4-60,RA,Dragoon Storm,matched,resolved,1.0,1.9333333333333333,2.8,185.66666666666666,273.0,28.166666666666668,28.6,1.5666666666666667,2.4,1.0,1.0,0,LOW_06,6500,9.215384615384616,599.0
Rucua,BX-00 Booster Dragoon Storm 4-60RA,Booster,Takara Tomy,599.0,MXN,OutOfStock,1,1,1,0,0,1,0,0,"BEYBLADE X es un gear sport que presenta batallas extremas con increíble velocidad e impacto gracias a su truco de superaceleración, X-Dash.
Contenido del producto: Blade (1), Ratchet (1), Bit (1), Beycode (1), manual de instrucciones (1).",https://rucua.com/products/bx-00-booster-dragoon-storm-4-60ra,2026-09-21,rucua_bx-00-booster-dragoon-storm-4-60ra,BX-00,4-60,RA,Dragoon Storm,matched,resolved,1.0,1.9333333333333333,2.8,185.66666666666666,273.0,28.166666666666668,28.6,1.5666666666666667,2.4,1.0,1.0,0,LOW_07,7000,8.557142857142857,599.0
Rucua,BX-00 Booster Dragoon Storm 4-60RA,Booster,Takara Tomy,599.0,MXN,OutOfStock,1,1,1,0,0,1,0,0,"BEYBLADE X es un gear sport que presenta batallas extremas con increíble velocidad e impacto gracias a su truco de superaceleración, X-Dash.
Contenido del producto: Blade (1), Ratchet (1), Bit (1), Beycode (1), manual de instrucciones (1).",https://rucua.com/products/bx-00-booster-dragoon-storm-4-60ra,2026-09-21,rucua_bx-00-booster-dragoon-storm-4-60ra,BX-00,4-60,RA,Dragoon Storm,matched,resolved,1.0,1.9333333333333333,2.8,185.66666666666666,273.0,28.166666666666668,28.6,1.5666666666666667,2.4,1.0,1.0,0,LOW_08,7500,7.986666666666667,599.0
Rucua,BX-00 Booster Dragoon Storm 4-60RA,Booster,Takara Tomy,599.0,MXN,OutOfStock,1,1,1,0,0,1,0,0,"BEYBLADE X es un gear sport que presenta batallas extremas con increíble velocidad e impacto gracias a su truco de superaceleración, X-Dash.
Contenido del producto: Blade (1), Ratchet (1), Bit (1), Beycode (1), manual de instrucciones (1).",https://rucua.com/products/bx-00-booster-dragoon-storm-4-60ra,2026-09-21,rucua_bx-00-booster-dragoon-storm-4-60ra,BX-00,4-60,RA,Dragoon Storm,matched,resolved,1.0,1.9333333333333333,2.8,185.66666666666666,273.0,28.166666666666668,28.6,1.5666666666666667,2.4,1.0,1.0,0,LOW_09,8000,7.4875,599.0
Rucua,BX-00 Booster Dragoon Storm 4-60RA,Booster,Takara Tomy,599.0,MXN,OutOfStock,1,1,1,0,0,1,0,0,"BEYBLADE X es un gear sport que presenta batallas extremas con increíble velocidad e impacto gracias a su truco de superaceleración, X-Dash.
Contenido del producto: Blade (1), Ratchet (1), Bit (1), Beycode (1), manual de instrucciones (1).",https://rucua.com/products/bx-00-booster-dragoon-storm-4-60ra,2026-09-21,rucua_bx-00-booster-dragoon-storm-4-60ra,BX-00,4-60,RA,Dragoon Storm,matched,resolved,1.0,1.9333333333333333,2.8,185.66666666666666,273.0,28.166666666666668,28.6,1.5666666666666667,2.4,1.0,1.0,0,LOW_10,8500,7.047058823529412,599.0
Rucua,BX-00 Booster Dragoon Storm 4-60RA,Booster,Takara Tomy,599.0,MXN,OutOfStock,1,1,1,0,0,1,0,0,"BEYBLADE X es un gear sport que presenta batallas extremas con increíble velocidad e impacto gracias a su truco de superaceleración, X-Dash.
Contenido del producto: Blade (1), Ratchet (1), Bit (1), Beycode (1), manual de instrucciones (1).",https://rucua.com/products/bx-00-booster-dragoon-storm-4-60ra,2026-09-21,rucua_bx-00-booster-dragoon-storm-4-60ra,BX-00,4-60,RA,Dragoon Storm,matched,resolved,1.0,1.9333333333333333,2.8,185.66666666666666,273.0,28.166666666666668,28.6,1.5666666666666667,2.4,1.0,1.0,0,LOW_11,8999,6.656295143904877,599.0
Rucua,BX-00 Booster Dran Sword 3-60F Version 2.0,Booster,Takara Tomy,999.0,MXN,OutOfStock,1,1,1,0,0,1,0,0,"BEYBLADE X es un gear sport que presenta batallas extremas con increíble velocidad e impacto gracias a su truco de superaceleración, X-Dash.
Contenido del producto: Blade (1), Ratchet (1), Bit (1), Beycode (1), manual de instrucciones (1).",https://rucua.com/products/bx-00-booster-dran-sword-3-60f-version-2-0,2026-09-21,rucua_bx-00-booster-dran-sword-3-60f-version-2-0,BX-00,3-60,F,Dran Sword,matched,resolved,1.0,17.166666666666668,46.5,1658.3333333333333,4488.0,28.099999999999998,33.4,16.400000000000002,45.5,1.0,1.0,0,LOW_01,4001,24.968757810547363,999.0
Rucua,BX-00 Booster Dran Sword 3-60F Version 2.0,Booster,Takara Tomy,999.0,MXN,OutOfStock,1,1,1,0,0,1,0,0,"BEYBLADE X es un gear sport que presenta batallas extremas con increíble velocidad e impacto gracias a su truco de superaceleración, X-Dash.
Contenido del producto: Blade (1), Ratchet (1), Bit (1), Beycode (1), manual de instrucciones (1).",https://rucua.com/products/bx-00-booster-dran-sword-3-60f-version-2-0,2026-09-21,rucua_bx-00-booster-dran-sword-3-60f-version-2-0,BX-00,3-60,F,Dran Sword,matched,resolved,1.0,17.166666666666668,46.5,1658.3333333333333,4488.0,28.099999999999998,33.4,16.400000000000002,45.5,1.0,1.0,0,LOW_02,4500,22.2,999.0
Rucua,BX-00 Booster Dran Sword 3-60F Version 2.0,Booster,Takara Tomy,999.0,MXN,OutOfStock,1,1,1,0,0,1,0,0,"BEYBLADE X es un gear sport que presenta batallas extremas con increíble velocidad e impacto gracias a su truco de superaceleración, X-Dash.
Contenido del producto: Blade (1), Ratchet (1), Bit (1), Beycode (1), manual de instrucciones (1).",https://rucua.com/products/bx-00-booster-dran-sword-3-60f-version-2-0,2026-09-21,rucua_bx-00-booster-dran-sword-3-60f-version-2-0,BX-00,3-60,F,Dran Sword,matched,resolved,1.0,17.166666666666668,46.5,1658.3333333333333,4488.0,28.099999999999998,33.4,16.400000000000002,45.5,1.0,1.0,0,LOW_03,5000,19.98,999.0
Rucua,BX-00 Booster Dran Sword 3-60F Version 2.0,Booster,Takara Tomy,999.0,MXN,OutOfStock,1,1,1,0,0,1,0,0,"BEYBLADE X es un gear sport que presenta batallas extremas con increíble velocidad e impacto gracias a su truco de superaceleración, X-Dash.
Contenido del producto: Blade (1), Ratchet (1), Bit (1), Beycode (1), manual de instrucciones (1).",https://rucua.com/products/bx-00-booster-dran-sword-3-60f-version-2-0,2026-09-21,rucua_bx-00-booster-dran-sword-3-60f-version-2-0,BX-00,3-60,F,Dran Sword,matched,resolved,1.0,17.166666666666668,46.5,1658.3333333333333,4488.0,28.099999999999998,33.4,16.400000000000002,45.5,1.0,1.0,0,LOW_04,5500,18.163636363636364,999.0
Rucua,BX-00 Booster Dran Sword 3-60F Version 2.0,Booster,Takara Tomy,999.0,MXN,OutOfStock,1,1,1,0,0,1,0,0,"BEYBLADE X es un gear sport que presenta batallas extremas con increíble velocidad e impacto gracias a su truco de superaceleración, X-Dash.
Contenido del producto: Blade (1), Ratchet (1), Bit (1), Beycode (1), manual de instrucciones (1).",https://rucua.com/products/bx-00-booster-dran-sword-3-60f-version-2-0,2026-09-21,rucua_bx-00-booster-dran-sword-3-60f-version-2-0,BX-00,3-60,F,Dran Sword,matched,resolved,1.0,17.166666666666668,46.5,1658.3333333333333,4488.0,28.099999999999998,33.4,16.400000000000002,45.5,1.0,1.0,0,LOW_05,6000,16.650000000000002,999.0
Rucua,BX-00 Booster Dran Sword 3-60F Version 2.0,Booster,Takara Tomy,999.0,MXN,OutOfStock,1,1,1,0,0,1,0,0,"BEYBLADE X es un gear sport que presenta batallas extremas con increíble velocidad e impacto gracias a su truco de superaceleración, X-Dash.
Contenido del producto: Blade (1), Ratchet (1), Bit (1), Beycode (1), manual de instrucciones (1).",https://rucua.com/products/bx-00-booster-dran-sword-3-60f-version-2-0,2026-09-21,rucua_bx-00-booster-dran-sword-3-60f-version-2-0,BX-00,3-60,F,Dran Sword,matched,resolved,1.0,17.166666666666668,46.5,1658.3333333333333,4488.0,28.099999999999998,33.4,16.400000000000002,45.5,1.0,1.0,0,LOW_06,6500,15.369230769230768,999.0
Rucua,BX-00 Booster Dran Sword 3-60F Version 2.0,Booster,Takara Tomy,999.0,MXN,OutOfStock,1,1,1,0,0,1,0,0,"BEYBLADE X es un gear sport que presenta batallas extremas con increíble velocidad e impacto gracias a su truco de superaceleración, X-Dash.
Contenido del producto: Blade (1), Ratchet (1), Bit (1), Beycode (1), manual de instrucciones (1).",https://rucua.com/products/bx-00-booster-dran-sword-3-60f-version-2-0,2026-09-21,rucua_bx-00-booster-dran-sword-3-60f-version-2-0,BX-00,3-60,F,Dran Sword,matched,resolved,1.0,17.166666666666668,46.5,1658.3333333333333,4488.0,28.099999999999998,33.4,16.400000000000002,45.5,1.0,1.0,0,LOW_07,7000,14.27142857142857,999.0
Rucua,BX-00 Booster Dran Sword 3-60F Version 2.0,Booster,Takara Tomy,999.0,MXN,OutOfStock,1,1,1,0,0,1,0,0,"BEYBLADE X es un gear sport que presenta batallas extremas con increíble velocidad e impacto gracias a su truco de superaceleración, X-Dash.
Contenido del producto: Blade (1), Ratchet (1), Bit (1), Beycode (1), manual de instrucciones (1).",https://rucua.com/products/bx-00-booster-dran-sword-3-60f-version-2-0,2026-09-21,rucua_bx-00-booster-dran-sword-3-60f-version-2-0,BX-00,3-60,F,Dran Sword,matched,resolved,1.0,17.166666666666668,46.5,1658.3333333333333,4488.0,28.099999999999998,33.4,16.400000000000002,45.5,1.0,1.0,0,LOW_08,7500,13.320000000000002,999.0
Rucua,BX-00 Booster Dran Sword 3-60F Version 2.0,Booster,Takara Tomy,999.0,MXN,OutOfStock,1,1,1,0,0,1,0,0,"BEYBLADE X es un gear sport que presenta batallas extremas con increíble velocidad e impacto gracias a su truco de superaceleración, X-Dash.
Contenido del producto: Blade (1), Ratchet (1), Bit (1), Beycode (1), manual de instrucciones (1).",https://rucua.com/products/bx-00-booster-dran-sword-3-60f-version-2-0,2026-09-21,rucua_bx-00-booster-dran-sword-3-60f-version-2-0,BX-00,3-60,F,Dran Sword,matched,resolved,1.0,17.166666666666668,46.5,1658.3333333333333,4488.0,28.099999999999998,33.4,16.400000000000002,45.5,1.0,1.0,0,LOW_09,8000,12.4875,999.0
Rucua,BX-00 Booster Dran Sword 3-60F Version 2.0,Booster,Takara Tomy,999.0,MXN,OutOfStock,1,1,1,0,0,1,0,0,"BEYBLADE X es un gear sport que presenta batallas extremas con increíble velocidad e impacto gracias a su truco de superaceleración, X-Dash.
Contenido del producto: Blade (1), Ratchet (1), Bit (1), Beycode (1), manual de instrucciones (1).",https://rucua.com/products/bx-00-booster-dran-sword-3-60f-version-2-0,2026-09-21,rucua_bx-00-booster-dran-sword-3-60f-version-2-0,BX-00,3-60,F,Dran Sword,matched,resolved,1.0,17.166666666666668,46.5,1658.3333333333333,4488.0,28.099999999999998,33.4,16.400000000000002,45.5,1.0,1.0,0,LOW_10,8500,11.75294117647059,999.0
Rucua,BX-00 Booster Dran Sword 3-60F Version 2.0,Booster,Takara Tomy,999.0,MXN,OutOfStock,1,1,1,0,0,1,0,0,"BEYBLADE X es un gear sport que presenta batallas extremas con increíble velocidad e impacto gracias a su truco de superaceleración, X-Dash.
Contenido del producto: Blade (1), Ratchet (1), Bit (1), Beycode (1), manual de instrucciones (1).",https://rucua.com/products/bx-00-booster-dran-sword-3-60f-version-2-0,2026-09-21,rucua_bx-00-booster-dran-sword-3-60f-version-2-0,BX-00,3-60,F,Dran Sword,matched,resolved,1.0,17.166666666666668,46.5,1658.3333333333333,4488.0,28.099999999999998,33.4,16.400000000000002,45.5,1.0,1.0,0,LOW_11,8999,11.101233470385598,999.0
Rucua,BX-00 Booster Dranzer Spiral 3-80T,Booster,Takara Tomy,599.0,MXN,InStock,1,1,1,0,0,1,0,0,"BEYBLADE X es un gear sport que presenta batallas extremas con increíble velocidad e impacto gracias a su truco de superaceleración, X-Dash.
Contenido del producto: Blade (1), Ratchet (1), Bit (1), Beycode (1), manual de instrucciones (1).",https://rucua.com/products/bx-00-booster-dranzer-spiral-3-80t,2026-09-21,rucua_bx-00-booster-dranzer-spiral-3-80t,BX-00,3-80,T,Dranzer Spiral,matched,resolved,1.0,2.6666666666666665,6.2,256.6666666666667,602.0,31.133333333333336,37.5,2.3000000000000003,5.5,1.0,1.0,1,LOW_01,4001,14.971257185703573,599.0
Rucua,BX-00 Booster Dranzer Spiral 3-80T,Booster,Takara Tomy,599.0,MXN,InStock,1,1,1,0,0,1,0,0,"BEYBLADE X es un gear sport que presenta batallas extremas con increíble velocidad e impacto gracias a su truco de superaceleración, X-Dash.
Contenido del producto: Blade (1), Ratchet (1), Bit (1), Beycode (1), manual de instrucciones (1).",https://rucua.com/products/bx-00-booster-dranzer-spiral-3-80t,2026-09-21,rucua_bx-00-booster-dranzer-spiral-3-80t,BX-00,3-80,T,Dranzer Spiral,matched,resolved,1.0,2.6666666666666665,6.2,256.6666666666667,602.0,31.133333333333336,37.5,2.3000000000000003,5.5,1.0,1.0,1,LOW_02,4500,13.311111111111112,599.0
Rucua,BX-00 Booster Dranzer Spiral 3-80T,Booster,Takara Tomy,599.0,MXN,InStock,1,1,1,0,0,1,0,0,"BEYBLADE X es un gear sport que presenta batallas extremas con increíble velocidad e impacto gracias a su truco de superaceleración, X-Dash.
Contenido del producto: Blade (1), Ratchet (1), Bit (1), Beycode (1), manual de instrucciones (1).",https://rucua.com/products/bx-00-booster-dranzer-spiral-3-80t,2026-09-21,rucua_bx-00-booster-dranzer-spiral-3-80t,BX-00,3-80,T,Dranzer Spiral,matched,resolved,1.0,2.6666666666666665,6.2,256.6666666666667,602.0,31.133333333333336,37.5,2.3000000000000003,5.5,1.0,1.0,1,LOW_03,5000,11.98,599.0
Rucua,BX-00 Booster Dranzer Spiral 3-80T,Booster,Takara Tomy,599.0,MXN,InStock,1,1,1,0,0,1,0,0,"BEYBLADE X es un gear sport que presenta batallas extremas con increíble velocidad e impacto gracias a su truco de superaceleración, X-Dash.
Contenido del producto: Blade (1), Ratchet (1), Bit (1), Beycode (1), manual de instrucciones (1).",https://rucua.com/products/bx-00-booster-dranzer-spiral-3-80t,2026-09-21,rucua_bx-00-booster-dranzer-spiral-3-80t,BX-00,3-80,T,Dranzer Spiral,matched,resolved,1.0,2.6666666666666665,6.2,256.6666666666667,602.0,31.133333333333336,37.5,2.3000000000000003,5.5,1.0,1.0,1,LOW_04,5500,10.89090909090909,599.0
Rucua,BX-00 Booster Dranzer Spiral 3-80T,Booster,Takara Tomy,599.0,MXN,InStock,1,1,1,0,0,1,0,0,"BEYBLADE X es un gear sport que presenta batallas extremas con increíble velocidad e impacto gracias a su truco de superaceleración, X-Dash.
Contenido del producto: Blade (1), Ratchet (1), Bit (1), Beycode (1), manual de instrucciones (1).",https://rucua.com/products/bx-00-booster-dranzer-spiral-3-80t,2026-09-21,rucua_bx-00-booster-dranzer-spiral-3-80t,BX-00,3-80,T,Dranzer Spiral,matched,resolved,1.0,2.6666666666666665,6.2,256.6666666666667,602.0,31.133333333333336,37.5,2.3000000000000003,5.5,1.0,1.0,1,LOW_05,6000,9.983333333333333,599.0
Rucua,BX-00 Booster Dranzer Spiral 3-80T,Booster,Takara Tomy,599.0,MXN,InStock,1,1,1,0,0,1,0,0,"BEYBLADE X es un gear sport que presenta batallas extremas con increíble velocidad e impacto gracias a su truco de superaceleración, X-Dash.
Contenido del producto: Blade (1), Ratchet (1), Bit (1), Beycode (1), manual de instrucciones (1).",https://rucua.com/products/bx-00-booster-dranzer-spiral-3-80t,2026-09-21,rucua_bx-00-booster-dranzer-spiral-3-80t,BX-00,3-80,T,Dranzer Spiral,matched,resolved,1.0,2.6666666666666665,6.2,256.6666666666667,602.0,31.133333333333336,37.5,2.3000000000000003,5.5,1.0,1.0,1,LOW_06,6500,9.215384615384616,599.0
Rucua,BX-00 Booster Dranzer Spiral 3-80T,Booster,Takara Tomy,599.0,MXN,InStock,1,1,1,0,0,1,0,0,"BEYBLADE X es un gear sport que presenta batallas extremas con increíble velocidad e impacto gracias a su truco de superaceleración, X-Dash.
Contenido del producto: Blade (1), Ratchet (1), Bit (1), Beycode (1), manual de instrucciones (1).",https://rucua.com/products/bx-00-booster-dranzer-spiral-3-80t,2026-09-21,rucua_bx-00-booster-dranzer-spiral-3-80t,BX-00,3-80,T,Dranzer Spiral,matched,resolved,1.0,2.6666666666666665,6.2,256.6666666666667,602.0,31.133333333333336,37.5,2.3000000000000003,5.5,1.0,1.0,1,LOW_07,7000,8.557142857142857,599.0
Rucua,BX-00 Booster Dranzer Spiral 3-80T,Booster,Takara Tomy,599.0,MXN,InStock,1,1,1,0,0,1,0,0,"BEYBLADE X es un gear sport que presenta batallas extremas con increíble velocidad e impacto gracias a su truco de superaceleración, X-Dash.
Contenido del producto: Blade (1), Ratchet (1), Bit (1), Beycode (1), manual de instrucciones (1).",https://rucua.com/products/bx-00-booster-dranzer-spiral-3-80t,2026-09-21,rucua_bx-00-booster-dranzer-spiral-3-80t,BX-00,3-80,T,Dranzer Spiral,matched,resolved,1.0,2.6666666666666665,6.2,256.6666666666667,602.0,31.133333333333336,37.5,2.3000000000000003,5.5,1.0,1.0,1,LOW_08,7500,7.986666666666667,599.0
Rucua,BX-00 Booster Dranzer Spiral 3-80T,Booster,Takara Tomy,599.0,MXN,InStock,1,1,1,0,0,1,0,0,"BEYBLADE X es un gear sport que presenta batallas extremas con increíble velocidad e impacto gracias a su truco de superaceleración, X-Dash.
Contenido del producto: Blade (1), Ratchet (1), Bit (1), Beycode (1), manual de instrucciones (1).",https://rucua.com/products/bx-00-booster-dranzer-spiral-3-80t,2026-09-21,rucua_bx-00-booster-dranzer-spiral-3-80t,BX-00,3-80,T,Dranzer Spiral,matched,resolved,1.0,2.6666666666666665,6.2,256.6666666666667,602.0,31.133333333333336,37.5,2.3000000000000003,5.5,1.0,1.0,1,LOW_09,8000,7.4875,599.0
Rucua,BX-00 Booster Dranzer Spiral 3-80T,Booster,Takara Tomy,599.0,MXN,InStock,1,1,1,0,0,1,0,0,"BEYBLADE X es un gear sport que presenta batallas extremas con increíble velocidad e impacto gracias a su truco de superaceleración, X-Dash.
Contenido del producto: Blade (1), Ratchet (1), Bit (1), Beycode (1), manual de instrucciones (1).",https://rucua.com/products/bx-00-booster-dranzer-spiral-3-80t,2026-09-21,rucua_bx-00-booster-dranzer-spiral-3-80t,BX-00,3-80,T,Dranzer Spiral,matched,resolved,1.0,2.6666666666666665,6.2,256.6666666666667,602.0,31.133333333333336,37.5,2.3000000000000003,5.5,1.0,1.0,1,LOW_10,8500,7.047058823529412,599.0
Rucua,BX-00 Booster Dranzer Spiral 3-80T,Booster,Takara Tomy,599.0,MXN,InStock,1,1,1,0,0,1,0,0,"BEYBLADE X es un gear sport que presenta batallas extremas con increíble velocidad e impacto gracias a su truco de superaceleración, X-Dash.
Contenido del producto: Blade (1), Ratchet (1), Bit (1), Beycode (1), manual de instrucciones (1).",https://rucua.com/products/bx-00-booster-dranzer-spiral-3-80t,2026-09-21,rucua_bx-00-booster-dranzer-spiral-3-80t,BX-00,3-80,T,Dranzer Spiral,matched,resolved,1.0,2.6666666666666665,6.2,256.6666666666667,602.0,31.133333333333336,37.5,2.3000000000000003,5.5,1.0,1.0,1,LOW_11,8999,6.656295143904877,599.0
Rucua,BX-00 Booster Dranzer Spiral 3-80T Black Ver.,Booster,Takara Tomy,699.0,MXN,OutOfStock,1,1,1,0,0,1,0,0,"BEYBLADE X es un gear sport que presenta batallas extremas con increíble velocidad e impacto gracias a su truco de superaceleración, X-Dash.
Contenido del producto: Blade (1), Ratchet (1), Bit (1), Beycode (1), manual de instrucciones (1).",https://rucua.com/products/bx-00-booster-dranzer-spiral-3-80t-black-ver,2026-09-21,rucua_bx-00-booster-dranzer-spiral-3-80t-black-ver,BX-00,3-80,T,Dranzer Spiral,matched,resolved,1.0,2.6666666666666665,6.2,256.6666666666667,602.0,31.133333333333336,37.5,2.3000000000000003,5.5,1.0,1.0,0,LOW_01,4001,17.47063234191452,699.0
Rucua,BX-00 Booster Dranzer Spiral 3-80T Black Ver.,Booster,Takara Tomy,699.0,MXN,OutOfStock,1,1,1,0,0,1,0,0,"BEYBLADE X es un gear sport que presenta batallas extremas con increíble velocidad e impacto gracias a su truco de superaceleración, X-Dash.
Contenido del producto: Blade (1), Ratchet (1), Bit (1), Beycode (1), manual de instrucciones (1).",https://rucua.com/products/bx-00-booster-dranzer-spiral-3-80t-black-ver,2026-09-21,rucua_bx-00-booster-dranzer-spiral-3-80t-black-ver,BX-00,3-80,T,Dranzer Spiral,matched,resolved,1.0,2.6666666666666665,6.2,256.6666666666667,602.0,31.133333333333336,37.5,2.3000000000000003,5.5,1.0,1.0,0,LOW_02,4500,15.533333333333331,699.0
Rucua,BX-00 Booster Dranzer Spiral 3-80T Black Ver.,Booster,Takara Tomy,699.0,MXN,OutOfStock,1,1,1,0,0,1,0,0,"BEYBLADE X es un gear sport que presenta batallas extremas con increíble velocidad e impacto gracias a su truco de superaceleración, X-Dash.
Contenido del producto: Blade (1), Ratchet (1), Bit (1), Beycode (1), manual de instrucciones (1).",https://rucua.com/products/bx-00-booster-dranzer-spiral-3-80t-black-ver,2026-09-21,rucua_bx-00-booster-dranzer-spiral-3-80t-black-ver,BX-00,3-80,T,Dranzer Spiral,matched,resolved,1.0,2.6666666666666665,6.2,256.6666666666667,602.0,31.133333333333336,37.5,2.3000000000000003,5.5,1.0,1.0,0,LOW_03,5000,13.98,699.0
Rucua,BX-00 Booster Dranzer Spiral 3-80T Black Ver.,Booster,Takara Tomy,699.0,MXN,OutOfStock,1,1,1,0,0,1,0,0,"BEYBLADE X es un gear sport que presenta batallas extremas con increíble velocidad e impacto gracias a su truco de superaceleración, X-Dash.
Contenido del producto: Blade (1), Ratchet (1), Bit (1), Beycode (1), manual de instrucciones (1).",https://rucua.com/products/bx-00-booster-dranzer-spiral-3-80t-black-ver,2026-09-21,rucua_bx-00-booster-dranzer-spiral-3-80t-black-ver,BX-00,3-80,T,Dranzer Spiral,matched,resolved,1.0,2.6666666666666665,6.2,256.6666666666667,602.0,31.133333333333336,37.5,2.3000000000000003,5.5,1.0,1.0,0,LOW_04,5500,12.709090909090909,699.0
Rucua,BX-00 Booster Dranzer Spiral 3-80T Black Ver.,Booster,Takara Tomy,699.0,MXN,OutOfStock,1,1,1,0,0,1,0,0,"BEYBLADE X es un gear sport que presenta batallas extremas con increíble velocidad e impacto gracias a su truco de superaceleración, X-Dash.
Contenido del producto: Blade (1), Ratchet (1), Bit (1), Beycode (1), manual de instrucciones (1).",https://rucua.com/products/bx-00-booster-dranzer-spiral-3-80t-black-ver,2026-09-21,rucua_bx-00-booster-dranzer-spiral-3-80t-black-ver,BX-00,3-80,T,Dranzer Spiral,matched,resolved,1.0,2.6666666666666665,6.2,256.6666666666667,602.0,31.133333333333336,37.5,2.3000000000000003,5.5,1.0,1.0,0,LOW_05,6000,11.65,699.0
Rucua,BX-00 Booster Dranzer Spiral 3-80T Black Ver.,Booster,Takara Tomy,699.0,MXN,OutOfStock,1,1,1,0,0,1,0,0,"BEYBLADE X es un gear sport que presenta batallas extremas con increíble velocidad e impacto gracias a su truco de superaceleración, X-Dash.
Contenido del producto: Blade (1), Ratchet (1), Bit (1), Beycode (1), manual de instrucciones (1).",https://rucua.com/products/bx-00-booster-dranzer-spiral-3-80t-black-ver,2026-09-21,rucua_bx-00-booster-dranzer-spiral-3-80t-black-ver,BX-00,3-80,T,Dranzer Spiral,matched,resolved,1.0,2.6666666666666665,6.2,256.6666666666667,602.0,31.133333333333336,37.5,2.3000000000000003,5.5,1.0,1.0,0,LOW_06,6500,10.753846153846155,699.0
Rucua,BX-00 Booster Dranzer Spiral 3-80T Black Ver.,Booster,Takara Tomy,699.0,MXN,OutOfStock,1,1,1,0,0,1,0,0,"BEYBLADE X es un gear sport que presenta batallas extremas con increíble velocidad e impacto gracias a su truco de superaceleración, X-Dash.
Contenido del producto: Blade (1), Ratchet (1), Bit (1), Beycode (1), manual de instrucciones (1).",https://rucua.com/products/bx-00-booster-dranzer-spiral-3-80t-black-ver,2026-09-21,rucua_bx-00-booster-dranzer-spiral-3-80t-black-ver,BX-00,3-80,T,Dranzer Spiral,matched,resolved,1.0,2.6666666666666665,6.2,256.6666666666667,602.0,31.133333333333336,37.5,2.3000000000000003,5.5,1.0,1.0,0,LOW_07,7000,9.985714285714286,699.0
Rucua,BX-00 Booster Dranzer Spiral 3-80T Black Ver.,Booster,Takara Tomy,699.0,MXN,OutOfStock,1,1,1,0,0,1,0,0,"BEYBLADE X es un gear sport que presenta batallas extremas con increíble velocidad e impacto gracias a su truco de superaceleración, X-Dash.
Contenido del producto: Blade (1), Ratchet (1), Bit (1), Beycode (1), manual de instrucciones (1).",https://rucua.com/products/bx-00-booster-dranzer-spiral-3-80t-black-ver,2026-09-21,rucua_bx-00-booster-dranzer-spiral-3-80t-black-ver,BX-00,3-80,T,Dranzer Spiral,matched,resolved,1.0,2.6666666666666665,6.2,256.6666666666667,602.0,31.133333333333336,37.5,2.3000000000000003,5.5,1.0,1.0,0,LOW_08,7500,9.32,699.0
Rucua,BX-00 Booster Dranzer Spiral 3-80T Black Ver.,Booster,Takara Tomy,699.0,MXN,OutOfStock,1,1,1,0,0,1,0,0,"BEYBLADE X es un gear sport que presenta batallas extremas con increíble velocidad e impacto gracias a su truco de superaceleración, X-Dash.
Contenido del producto: Blade (1), Ratchet (1), Bit (1), Beycode (1), manual de instrucciones (1).",https://rucua.com/products/bx-00-booster-dranzer-spiral-3-80t-black-ver,2026-09-21,rucua_bx-00-booster-dranzer-spiral-3-80t-black-ver,BX-00,3-80,T,Dranzer Spiral,matched,resolved,1.0,2.6666666666666665,6.2,256.6666666666667,602.0,31.133333333333336,37.5,2.3000000000000003,5.5,1.0,1.0,0,LOW_09,8000,8.737499999999999,699.0
Rucua,BX-00 Booster Dranzer Spiral 3-80T Black Ver.,Booster,Takara Tomy,699.0,MXN,OutOfStock,1,1,1,0,0,1,0,0,"BEYBLADE X es un gear sport que presenta batallas extremas con increíble velocidad e impacto gracias a su truco de superaceleración, X-Dash.
Contenido del producto: Blade (1), Ratchet (1), Bit (1), Beycode (1), manual de instrucciones (1).",https://rucua.com/products/bx-00-booster-dranzer-spiral-3-80t-black-ver,2026-09-21,rucua_bx-00-booster-dranzer-spiral-3-80t-black-ver,BX-00,3-80,T,Dranzer Spiral,matched,resolved,1.0,2.6666666666666665,6.2,256.6666666666667,602.0,31.133333333333336,37.5,2.3000000000000003,5.5,1.0,1.0,0,LOW_10,8500,8.223529411764705,699.0
Rucua,BX-00 Booster Dranzer Spiral 3-80T Black Ver.,Booster,Takara Tomy,699.0,MXN,OutOfStock,1,1,1,0,0,1,0,0,"BEYBLADE X es un gear sport que presenta batallas extremas con increíble velocidad e impacto gracias a su truco de superaceleración, X-Dash.
Contenido del producto: Blade (1), Ratchet (1), Bit (1), Beycode (1), manual de instrucciones (1).",https://rucua.com/products/bx-00-booster-dranzer-spiral-3-80t-black-ver,2026-09-21,rucua_bx-00-booster-dranzer-spiral-3-80t-black-ver,BX-00,3-80,T,Dranzer Spiral,matched,resolved,1.0,2.6666666666666665,6.2,256.6666666666667,602.0,31.133333333333336,37.5,2.3000000000000003,5.5,1.0,1.0,0,LOW_11,8999,7.767529725525059,699.0
Rucua,BX-00 Booster Drigger Slash 4-80P,Booster,Takara Tomy,599.0,MXN,InStock,1,1,1,0,0,1,0,0,"BEYBLADE X es un gear sport que presenta batallas extremas con increíble velocidad e impacto gracias a su truco de superaceleración, X-Dash.
Contenido del producto: Blade (1), Ratchet (1), Bit (1), Beycode (1), manual de instrucciones (1).",https://rucua.com/products/bx-00-booster-drigger-slash-4-80p,2026-09-21,rucua_bx-00-booster-drigger-slash-4-80p,BX-00,4-80,P,Driger Slash,matched,resolved,1.0,4.333333333333333,12.5,417.3333333333333,1205.0,25.5,31.5,3.9333333333333336,11.5,1.0,1.0,1,LOW_01,4001,14.971257185703573,599.0
Rucua,BX-00 Booster Drigger Slash 4-80P,Booster,Takara Tomy,599.0,MXN,InStock,1,1,1,0,0,1,0,0,"BEYBLADE X es un gear sport que presenta batallas extremas con increíble velocidad e impacto gracias a su truco de superaceleración, X-Dash.
Contenido del producto: Blade (1), Ratchet (1), Bit (1), Beycode (1), manual de instrucciones (1).",https://rucua.com/products/bx-00-booster-drigger-slash-4-80p,2026-09-21,rucua_bx-00-booster-drigger-slash-4-80p,BX-00,4-80,P,Driger Slash,matched,resolved,1.0,4.333333333333333,12.5,417.3333333333333,1205.0,25.5,31.5,3.9333333333333336,11.5,1.0,1.0,1,LOW_02,4500,13.311111111111112,599.0
Rucua,BX-00 Booster Drigger Slash 4-80P,Booster,Takara Tomy,599.0,MXN,InStock,1,1,1,0,0,1,0,0,"BEYBLADE X es un gear sport que presenta batallas extremas con increíble velocidad e impacto gracias a su truco de superaceleración, X-Dash.
Contenido del producto: Blade (1), Ratchet (1), Bit (1), Beycode (1), manual de instrucciones (1).",https://rucua.com/products/bx-00-booster-drigger-slash-4-80p,2026-09-21,rucua_bx-00-booster-drigger-slash-4-80p,BX-00,4-80,P,Driger Slash,matched,resolved,1.0,4.333333333333333,12.5,417.3333333333333,1205.0,25.5,31.5,3.9333333333333336,11.5,1.0,1.0,1,LOW_03,5000,11.98,599.0
Rucua,BX-00 Booster Drigger Slash 4-80P,Booster,Takara Tomy,599.0,MXN,InStock,1,1,1,0,0,1,0,0,"BEYBLADE X es un gear sport que presenta batallas extremas con increíble velocidad e impacto gracias a su truco de superaceleración, X-Dash.
Contenido del producto: Blade (1), Ratchet (1), Bit (1), Beycode (1), manual de instrucciones (1).",https://rucua.com/products/bx-00-booster-drigger-slash-4-80p,2026-09-21,rucua_bx-00-booster-drigger-slash-4-80p,BX-00,4-80,P,Driger Slash,matched,resolved,1.0,4.333333333333333,12.5,417.3333333333333,1205.0,25.5,31.5,3.9333333333333336,11.5,1.0,1.0,1,LOW_04,5500,10.89090909090909,599.0
Rucua,BX-00 Booster Drigger Slash 4-80P,Booster,Takara Tomy,599.0,MXN,InStock,1,1,1,0,0,1,0,0,"BEYBLADE X es un gear sport que presenta batallas extremas con increíble velocidad e impacto gracias a su truco de superaceleración, X-Dash.
Contenido del producto: Blade (1), Ratchet (1), Bit (1), Beycode (1), manual de instrucciones (1).",https://rucua.com/products/bx-00-booster-drigger-slash-4-80p,2026-09-21,rucua_bx-00-booster-drigger-slash-4-80p,BX-00,4-80,P,Driger Slash,matched,resolved,1.0,4.333333333333333,12.5,417.3333333333333,1205.0,25.5,31.5,3.9333333333333336,11.5,1.0,1.0,1,LOW_05,6000,9.983333333333333,599.0
Rucua,BX-00 Booster Drigger Slash 4-80P,Booster,Takara Tomy,599.0,MXN,InStock,1,1,1,0,0,1,0,0,"BEYBLADE X es un gear sport que presenta batallas extremas con increíble velocidad e impacto gracias a su truco de superaceleración, X-Dash.
Contenido del producto: Blade (1), Ratchet (1), Bit (1), Beycode (1), manual de instrucciones (1).",https://rucua.com/products/bx-00-booster-drigger-slash-4-80p,2026-09-21,rucua_bx-00-booster-drigger-slash-4-80p,BX-00,4-80,P,Driger Slash,matched,resolved,1.0,4.333333333333333,12.5,417.3333333333333,1205.0,25.5,31.5,3.9333333333333336,11.5,1.0,1.0,1,LOW_06,6500,9.215384615384616,599.0
Rucua,BX-00 Booster Drigger Slash 4-80P,Booster,Takara Tomy,599.0,MXN,InStock,1,1,1,0,0,1,0,0,"BEYBLADE X es un gear sport que presenta batallas extremas con increíble velocidad e impacto gracias a su truco de superaceleración, X-Dash.
Contenido del producto: Blade (1), Ratchet (1), Bit (1), Beycode (1), manual de instrucciones (1).",https://rucua.com/products/bx-00-booster-drigger-slash-4-80p,2026-09-21,rucua_bx-00-booster-drigger-slash-4-80p,BX-00,4-80,P,Driger Slash,matched,resolved,1.0,4.333333333333333,12.5,417.3333333333333,1205.0,25.5,31.5,3.9333333333333336,11.5,1.0,1.0,1,LOW_07,7000,8.557142857142857,599.0
Rucua,BX-00 Booster Drigger Slash 4-80P,Booster,Takara Tomy,599.0,MXN,InStock,1,1,1,0,0,1,0,0,"BEYBLADE X es un gear sport que presenta batallas extremas con increíble velocidad e impacto gracias a su truco de superaceleración, X-Dash.
Contenido del producto: Blade (1), Ratchet (1), Bit (1), Beycode (1), manual de instrucciones (1).",https://rucua.com/products/bx-00-booster-drigger-slash-4-80p,2026-09-21,rucua_bx-00-booster-drigger-slash-4-80p,BX-00,4-80,P,Driger Slash,matched,resolved,1.0,4.333333333333333,12.5,417.3333333333333,1205.0,25.5,31.5,3.9333333333333336,11.5,1.0,1.0,1,LOW_08,7500,7.986666666666667,599.0
Rucua,BX-00 Booster Drigger Slash 4-80P,Booster,Takara Tomy,599.0,MXN,InStock,1,1,1,0,0,1,0,0,"BEYBLADE X es un gear sport que presenta batallas extremas con increíble velocidad e impacto gracias a su truco de superaceleración, X-Dash.
Contenido del producto: Blade (1), Ratchet (1), Bit (1), Beycode (1), manual de instrucciones (1).",https://rucua.com/products/bx-00-booster-drigger-slash-4-80p,2026-09-21,rucua_bx-00-booster-drigger-slash-4-80p,BX-00,4-80,P,Driger Slash,matched,resolved,1.0,4.333333333333333,12.5,417.3333333333333,1205.0,25.5,31.5,3.9333333333333336,11.5,1.0,1.0,1,LOW_09,8000,7.4875,599.0
Rucua,BX-00 Booster Drigger Slash 4-80P,Booster,Takara Tomy,599.0,MXN,InStock,1,1,1,0,0,1,0,0,"BEYBLADE X es un gear sport que presenta batallas extremas con increíble velocidad e impacto gracias a su truco de superaceleración, X-Dash.
Contenido del producto: Blade (1), Ratchet (1), Bit (1), Beycode (1), manual de instrucciones (1).",https://rucua.com/products/bx-00-booster-drigger-slash-4-80p,2026-09-21,rucua_bx-00-booster-drigger-slash-4-80p,BX-00,4-80,P,Driger Slash,matched,resolved,1.0,4.333333333333333,12.5,417.3333333333333,1205.0,25.5,31.5,3.9333333333333336,11.5,1.0,1.0,1,LOW_10,8500,7.047058823529412,599.0
Rucua,BX-00 Booster Drigger Slash 4-80P,Booster,Takara Tomy,599.0,MXN,InStock,1,1,1,0,0,1,0,0,"BEYBLADE X es un gear sport que presenta batallas extremas con increíble velocidad e impacto gracias a su truco de superaceleración, X-Dash.
Contenido del producto: Blade (1), Ratchet (1), Bit (1), Beycode (1), manual de instrucciones (1).",https://rucua.com/products/bx-00-booster-drigger-slash-4-80p,2026-09-21,rucua_bx-00-booster-drigger-slash-4-80p,BX-00,4-80,P,Driger Slash,matched,resolved,1.0,4.333333333333333,12.5,417.3333333333333,1205.0,25.5,31.5,3.9333333333333336,11.5,1.0,1.0,1,LOW_11,8999,6.656295143904877,599.0
Rucua,BX-00 Booster Hells Chain 5-60HT Metal Coat: Black,Booster,Takara Tomy,1099.0,MXN,InStock,1,1,1,0,0,1,0,0,"BEYBLADE X es un gear sport que presenta batallas extremas con increíble velocidad e impacto gracias a su truco de superaceleración, X-Dash.
Contenido del producto: Blade (1), Ratchet (1), Bit (1), Beycode (1), manual de instrucciones (1).",https://rucua.com/products/bx-00-booster-hells-chain-5-60ht-metal-coat-black,2026-09-21,rucua_bx-00-booster-hells-chain-5-60ht-metal-coat-black,BX-00,5-60,HT,Hells Chain,matched,resolved,1.0,9.366666666666665,26.2,903.6666666666666,2532.0,28.96666666666667,32.5,8.833333333333334,25.0,1.0,1.0,1,LOW_01,4001,27.46813296675831,1099.0
Rucua,BX-00 Booster Hells Chain 5-60HT Metal Coat: Black,Booster,Takara Tomy,1099.0,MXN,InStock,1,1,1,0,0,1,0,0,"BEYBLADE X es un gear sport que presenta batallas extremas con increíble velocidad e impacto gracias a su truco de superaceleración, X-Dash.
Contenido del producto: Blade (1), Ratchet (1), Bit (1), Beycode (1), manual de instrucciones (1).",https://rucua.com/products/bx-00-booster-hells-chain-5-60ht-metal-coat-black,2026-09-21,rucua_bx-00-booster-hells-chain-5-60ht-metal-coat-black,BX-00,5-60,HT,Hells Chain,matched,resolved,1.0,9.366666666666665,26.2,903.6666666666666,2532.0,28.96666666666667,32.5,8.833333333333334,25.0,1.0,1.0,1,LOW_02,4500,24.422222222222224,1099.0
Rucua,BX-00 Booster Hells Chain 5-60HT Metal Coat: Black,Booster,Takara Tomy,1099.0,MXN,InStock,1,1,1,0,0,1,0,0,"BEYBLADE X es un gear sport que presenta batallas extremas con increíble velocidad e impacto gracias a su truco de superaceleración, X-Dash.
Contenido del producto: Blade (1), Ratchet (1), Bit (1), Beycode (1), manual de instrucciones (1).",https://rucua.com/products/bx-00-booster-hells-chain-5-60ht-metal-coat-black,2026-09-21,rucua_bx-00-booster-hells-chain-5-60ht-metal-coat-black,BX-00,5-60,HT,Hells Chain,matched,resolved,1.0,9.366666666666665,26.2,903.6666666666666,2532.0,28.96666666666667,32.5,8.833333333333334,25.0,1.0,1.0,1,LOW_03,5000,21.98,1099.0
Rucua,BX-00 Booster Hells Chain 5-60HT Metal Coat: Black,Booster,Takara Tomy,1099.0,MXN,InStock,1,1,1,0,0,1,0,0,"BEYBLADE X es un gear sport que presenta batallas extremas con increíble velocidad e impacto gracias a su truco de superaceleración, X-Dash.
Contenido del producto: Blade (1), Ratchet (1), Bit (1), Beycode (1), manual de instrucciones (1).",https://rucua.com/products/bx-00-booster-hells-chain-5-60ht-metal-coat-black,2026-09-21,rucua_bx-00-booster-hells-chain-5-60ht-metal-coat-black,BX-00,5-60,HT,Hells Chain,matched,resolved,1.0,9.366666666666665,26.2,903.6666666666666,2532.0,28.96666666666667,32.5,8.833333333333334,25.0,1.0,1.0,1,LOW_04,5500,19.98181818181818,1099.0
Rucua,BX-00 Booster Hells Chain 5-60HT Metal Coat: Black,Booster,Takara Tomy,1099.0,MXN,InStock,1,1,1,0,0,1,0,0,"BEYBLADE X es un gear sport que presenta batallas extremas con increíble velocidad e impacto gracias a su truco de superaceleración, X-Dash.
Contenido del producto: Blade (1), Ratchet (1), Bit (1), Beycode (1), manual de instrucciones (1).",https://rucua.com/products/bx-00-booster-hells-chain-5-60ht-metal-coat-black,2026-09-21,rucua_bx-00-booster-hells-chain-5-60ht-metal-coat-black,BX-00,5-60,HT,Hells Chain,matched,resolved,1.0,9.366666666666665,26.2,903.6666666666666,2532.0,28.96666666666667,32.5,8.833333333333334,25.0,1.0,1.0,1,LOW_05,6000,18.316666666666666,1099.0
Rucua,BX-00 Booster Hells Chain 5-60HT Metal Coat: Black,Booster,Takara Tomy,1099.0,MXN,InStock,1,1,1,0,0,1,0,0,"BEYBLADE X es un gear sport que presenta batallas extremas con increíble velocidad e impacto gracias a su truco de superaceleración, X-Dash.
Contenido del producto: Blade (1), Ratchet (1), Bit (1), Beycode (1), manual de instrucciones (1).",https://rucua.com/products/bx-00-booster-hells-chain-5-60ht-metal-coat-black,2026-09-21,rucua_bx-00-booster-hells-chain-5-60ht-metal-coat-black,BX-00,5-60,HT,Hells Chain,matched,resolved,1.0,9.366666666666665,26.2,903.6666666666666,2532.0,28.96666666666667,32.5,8.833333333333334,25.0,1.0,1.0,1,LOW_06,6500,16.907692307692308,1099.0
Rucua,BX-00 Booster Hells Chain 5-60HT Metal Coat: Black,Booster,Takara Tomy,1099.0,MXN,InStock,1,1,1,0,0,1,0,0,"BEYBLADE X es un gear sport que presenta batallas extremas con increíble velocidad e impacto gracias a su truco de superaceleración, X-Dash.
Contenido del producto: Blade (1), Ratchet (1), Bit (1), Beycode (1), manual de instrucciones (1).",https://rucua.com/products/bx-00-booster-hells-chain-5-60ht-metal-coat-black,2026-09-21,rucua_bx-00-booster-hells-chain-5-60ht-metal-coat-black,BX-00,5-60,HT,Hells Chain,matched,resolved,1.0,9.366666666666665,26.2,903.6666666666666,2532.0,28.96666666666667,32.5,8.833333333333334,25.0,1.0,1.0,1,LOW_07,7000,15.7,1099.0
Rucua,BX-00 Booster Hells Chain 5-60HT Metal Coat: Black,Booster,Takara Tomy,1099.0,MXN,InStock,1,1,1,0,0,1,0,0,"BEYBLADE X es un gear sport que presenta batallas extremas con increíble velocidad e impacto gracias a su truco de superaceleración, X-Dash.
Contenido del producto: Blade (1), Ratchet (1), Bit (1), Beycode (1), manual de instrucciones (1).",https://rucua.com/products/bx-00-booster-hells-chain-5-60ht-metal-coat-black,2026-09-21,rucua_bx-00-booster-hells-chain-5-60ht-metal-coat-black,BX-00,5-60,HT,Hells Chain,matched,resolved,1.0,9.366666666666665,26.2,903.6666666666666,2532.0,28.96666666666667,32.5,8.833333333333334,25.0,1.0,1.0,1,LOW_08,7500,14.653333333333332,1099.0
Rucua,BX-00 Booster Hells Chain 5-60HT Metal Coat: Black,Booster,Takara Tomy,1099.0,MXN,InStock,1,1,1,0,0,1,0,0,"BEYBLADE X es un gear sport que presenta batallas extremas con increíble velocidad e impacto gracias a su truco de superaceleración, X-Dash.
Contenido del producto: Blade (1), Ratchet (1), Bit (1), Beycode (1), manual de instrucciones (1).",https://rucua.com/products/bx-00-booster-hells-chain-5-60ht-metal-coat-black,2026-09-21,rucua_bx-00-booster-hells-chain-5-60ht-metal-coat-black,BX-00,5-60,HT,Hells Chain,matched,resolved,1.0,9.366666666666665,26.2,903.6666666666666,2532.0,28.96666666666667,32.5,8.833333333333334,25.0,1.0,1.0,1,LOW_09,8000,13.737499999999999,1099.0
Rucua,BX-00 Booster Hells Chain 5-60HT Metal Coat: Black,Booster,Takara Tomy,1099.0,MXN,InStock,1,1,1,0,0,1,0,0,"BEYBLADE X es un gear sport que presenta batallas extremas con increíble velocidad e impacto gracias a su truco de superaceleración, X-Dash.
Contenido del producto: Blade (1), Ratchet (1), Bit (1), Beycode (1), manual de instrucciones (1).",https://rucua.com/products/bx-00-booster-hells-chain-5-60ht-metal-coat-black,2026-09-21,rucua_bx-00-booster-hells-chain-5-60ht-metal-coat-black,BX-00,5-60,HT,Hells Chain,matched,resolved,1.0,9.366666666666665,26.2,903.6666666666666,2532.0,28.96666666666667,32.5,8.833333333333334,25.0,1.0,1.0,1,LOW_10,8500,12.929411764705884,1099.0
Rucua,BX-00 Booster Hells Chain 5-60HT Metal Coat: Black,Booster,Takara Tomy,1099.0,MXN,InStock,1,1,1,0,0,1,0,0,"BEYBLADE X es un gear sport que presenta batallas extremas con increíble velocidad e impacto gracias a su truco de superaceleración, X-Dash.
Contenido del producto: Blade (1), Ratchet (1), Bit (1), Beycode (1), manual de instrucciones (1).",https://rucua.com/products/bx-00-booster-hells-chain-5-60ht-metal-coat-black,2026-09-21,rucua_bx-00-booster-hells-chain-5-60ht-metal-coat-black,BX-00,5-60,HT,Hells Chain,matched,resolved,1.0,9.366666666666665,26.2,903.6666666666666,2532.0,28.96666666666667,32.5,8.833333333333334,25.0,1.0,1.0,1,LOW_11,8999,12.212468052005779,1099.0
Rucua,BX-00 Booster Hell's Scythe 4-60T Metal Coat: Gold,Booster,Takara Tomy,1999.0,MXN,InStock,1,1,1,0,0,1,0,0,"BEYBLADE X es un gear sport que presenta batallas extremas con increíble velocidad e impacto gracias a su truco de superaceleración, X-Dash.
Contenido del producto: Blade (1), Ratchet (1), Bit (1), Beycode (1), manual de instrucciones (1).",https://rucua.com/products/bx-00-booster-hells-size-4-60t-metal-coat-gold,2026-09-21,rucua_bx-00-booster-hells-size-4-60t-metal-coat-gold,BX-00,4-60,T,Hells Scythe,matched,resolved,1.0,3.9333333333333336,6.2,379.6666666666667,602.0,30.066666666666666,32.7,3.466666666666667,5.5,1.0,1.0,1,LOW_01,4001,49.96250937265684,1999.0
Rucua,BX-00 Booster Hell's Scythe 4-60T Metal Coat: Gold,Booster,Takara Tomy,1999.0,MXN,InStock,1,1,1,0,0,1,0,0,"BEYBLADE X es un gear sport que presenta batallas extremas con increíble velocidad e impacto gracias a su truco de superaceleración, X-Dash.
Contenido del producto: Blade (1), Ratchet (1), Bit (1), Beycode (1), manual de instrucciones (1).",https://rucua.com/products/bx-00-booster-hells-size-4-60t-metal-coat-gold,2026-09-21,rucua_bx-00-booster-hells-size-4-60t-metal-coat-gold,BX-00,4-60,T,Hells Scythe,matched,resolved,1.0,3.9333333333333336,6.2,379.6666666666667,602.0,30.066666666666666,32.7,3.466666666666667,5.5,1.0,1.0,1,LOW_02,4500,44.422222222222224,1999.0
Rucua,BX-00 Booster Hell's Scythe 4-60T Metal Coat: Gold,Booster,Takara Tomy,1999.0,MXN,InStock,1,1,1,0,0,1,0,0,"BEYBLADE X es un gear sport que presenta batallas extremas con increíble velocidad e impacto gracias a su truco de superaceleración, X-Dash.
Contenido del producto: Blade (1), Ratchet (1), Bit (1), Beycode (1), manual de instrucciones (1).",https://rucua.com/products/bx-00-booster-hells-size-4-60t-metal-coat-gold,2026-09-21,rucua_bx-00-booster-hells-size-4-60t-metal-coat-gold,BX-00,4-60,T,Hells Scythe,matched,resolved,1.0,3.9333333333333336,6.2,379.6666666666667,602.0,30.066666666666666,32.7,3.466666666666667,5.5,1.0,1.0,1,LOW_03,5000,39.98,1999.0
Rucua,BX-00 Booster Hell's Scythe 4-60T Metal Coat: Gold,Booster,Takara Tomy,1999.0,MXN,InStock,1,1,1,0,0,1,0,0,"BEYBLADE X es un gear sport que presenta batallas extremas con increíble velocidad e impacto gracias a su truco de superaceleración, X-Dash.
Contenido del producto: Blade (1), Ratchet (1), Bit (1), Beycode (1), manual de instrucciones (1).",https://rucua.com/products/bx-00-booster-hells-size-4-60t-metal-coat-gold,2026-09-21,rucua_bx-00-booster-hells-size-4-60t-metal-coat-gold,BX-00,4-60,T,Hells Scythe,matched,resolved,1.0,3.9333333333333336,6.2,379.6666666666667,602.0,30.066666666666666,32.7,3.466666666666667,5.5,1.0,1.0,1,LOW_04,5500,36.345454545454544,1999.0
Rucua,BX-00 Booster Hell's Scythe 4-60T Metal Coat: Gold,Booster,Takara Tomy,1999.0,MXN,InStock,1,1,1,0,0,1,0,0,"BEYBLADE X es un gear sport que presenta batallas extremas con increíble velocidad e impacto gracias a su truco de superaceleración, X-Dash.
Contenido del producto: Blade (1), Ratchet (1), Bit (1), Beycode (1), manual de instrucciones (1).",https://rucua.com/products/bx-00-booster-hells-size-4-60t-metal-coat-gold,2026-09-21,rucua_bx-00-booster-hells-size-4-60t-metal-coat-gold,BX-00,4-60,T,Hells Scythe,matched,resolved,1.0,3.9333333333333336,6.2,379.6666666666667,602.0,30.066666666666666,32.7,3.466666666666667,5.5,1.0,1.0,1,LOW_05,6000,33.31666666666667,1999.0
Rucua,BX-00 Booster Hell's Scythe 4-60T Metal Coat: Gold,Booster,Takara Tomy,1999.0,MXN,InStock,1,1,1,0,0,1,0,0,"BEYBLADE X es un gear sport que presenta batallas extremas con increíble velocidad e impacto gracias a su truco de superaceleración, X-Dash.
Contenido del producto: Blade (1), Ratchet (1), Bit (1), Beycode (1), manual de instrucciones (1).",https://rucua.com/products/bx-00-booster-hells-size-4-60t-metal-coat-gold,2026-09-21,rucua_bx-00-booster-hells-size-4-60t-metal-coat-gold,BX-00,4-60,T,Hells Scythe,matched,resolved,1.0,3.9333333333333336,6.2,379.6666666666667,602.0,30.066666666666666,32.7,3.466666666666667,5.5,1.0,1.0,1,LOW_06,6500,30.753846153846155,1999.0
Rucua,BX-00 Booster Hell's Scythe 4-60T Metal Coat: Gold,Booster,Takara Tomy,1999.0,MXN,InStock,1,1,1,0,0,1,0,0,"BEYBLADE X es un gear sport que presenta batallas extremas con increíble velocidad e impacto gracias a su truco de superaceleración, X-Dash.
Contenido del producto: Blade (1), Ratchet (1), Bit (1), Beycode (1), manual de instrucciones (1).",https://rucua.com/products/bx-00-booster-hells-size-4-60t-metal-coat-gold,2026-09-21,rucua_bx-00-booster-hells-size-4-60t-metal-coat-gold,BX-00,4-60,T,Hells Scythe,matched,resolved,1.0,3.9333333333333336,6.2,379.6666666666667,602.0,30.066666666666666,32.7,3.466666666666667,5.5,1.0,1.0,1,LOW_07,7000,28.557142857142857,1999.0
Rucua,BX-00 Booster Hell's Scythe 4-60T Metal Coat: Gold,Booster,Takara Tomy,1999.0,MXN,InStock,1,1,1,0,0,1,0,0,"BEYBLADE X es un gear sport que presenta batallas extremas con increíble velocidad e impacto gracias a su truco de superaceleración, X-Dash.
Contenido del producto: Blade (1), Ratchet (1), Bit (1), Beycode (1), manual de instrucciones (1).",https://rucua.com/products/bx-00-booster-hells-size-4-60t-metal-coat-gold,2026-09-21,rucua_bx-00-booster-hells-size-4-60t-metal-coat-gold,BX-00,4-60,T,Hells Scythe,matched,resolved,1.0,3.9333333333333336,6.2,379.6666666666667,602.0,30.066666666666666,32.7,3.466666666666667,5.5,1.0,1.0,1,LOW_08,7500,26.653333333333336,1999.0
Rucua,BX-00 Booster Hell's Scythe 4-60T Metal Coat: Gold,Booster,Takara Tomy,1999.0,MXN,InStock,1,1,1,0,0,1,0,0,"BEYBLADE X es un gear sport que presenta batallas extremas con increíble velocidad e impacto gracias a su truco de superaceleración, X-Dash.
Contenido del producto: Blade (1), Ratchet (1), Bit (1), Beycode (1), manual de instrucciones (1).",https://rucua.com/products/bx-00-booster-hells-size-4-60t-metal-coat-gold,2026-09-21,rucua_bx-00-booster-hells-size-4-60t-metal-coat-gold,BX-00,4-60,T,Hells Scythe,matched,resolved,1.0,3.9333333333333336,6.2,379.6666666666667,602.0,30.066666666666666,32.7,3.466666666666667,5.5,1.0,1.0,1,LOW_09,8000,24.9875,1999.0
Rucua,BX-00 Booster Hell's Scythe 4-60T Metal Coat: Gold,Booster,Takara Tomy,1999.0,MXN,InStock,1,1,1,0,0,1,0,0,"BEYBLADE X es un gear sport que presenta batallas extremas con increíble velocidad e impacto gracias a su truco de superaceleración, X-Dash.
Contenido del producto: Blade (1), Ratchet (1), Bit (1), Beycode (1), manual de instrucciones (1).",https://rucua.com/products/bx-00-booster-hells-size-4-60t-metal-coat-gold,2026-09-21,rucua_bx-00-booster-hells-size-4-60t-metal-coat-gold,BX-00,4-60,T,Hells Scythe,matched,resolved,1.0,3.9333333333333336,6.2,379.6666666666667,602.0,30.066666666666666,32.7,3.466666666666667,5.5,1.0,1.0,1,LOW_10,8500,23.517647058823528,1999.0
Rucua,BX-00 Booster Hell's Scythe 4-60T Metal Coat: Gold,Booster,Takara Tomy,1999.0,MXN,InStock,1,1,1,0,0,1,0,0,"BEYBLADE X es un gear sport que presenta batallas extremas con increíble velocidad e impacto gracias a su truco de superaceleración, X-Dash.
Contenido del producto: Blade (1), Ratchet (1), Bit (1), Beycode (1), manual de instrucciones (1).",https://rucua.com/products/bx-00-booster-hells-size-4-60t-metal-coat-gold,2026-09-21,rucua_bx-00-booster-hells-size-4-60t-metal-coat-gold,BX-00,4-60,T,Hells Scythe,matched,resolved,1.0,3.9333333333333336,6.2,379.6666666666667,602.0,30.066666666666666,32.7,3.466666666666667,5.5,1.0,1.0,1,LOW_11,8999,22.213579286587397,1999.0
Rucua,BX-00 Booster Leon Claw 5-60P Metal Coat: Gold,Booster,Takara Tomy,1699.0,MXN,InStock,1,1,1,0,0,1,0,0,"BEYBLADE X es un gear sport que presenta batallas extremas con increíble velocidad e impacto gracias a su truco de superaceleración, X-Dash.
Contenido del producto: Blade (1), Ratchet (1), Bit (1), Beycode (1), manual de instrucciones (1).",https://rucua.com/products/bx-00-booster-leon-claw-5-60p-metal-coat-gold,2026-09-21,rucua_bx-00-booster-leon-claw-5-60p-metal-coat-gold,BX-00,5-60,P,Leon Claw,matched,resolved,1.0,12.966666666666667,26.2,1252.6666666666667,2532.0,29.266666666666666,32.5,12.233333333333334,25.0,1.0,1.0,1,LOW_01,4001,42.464383904024,1699.0
Rucua,BX-00 Booster Leon Claw 5-60P Metal Coat: Gold,Booster,Takara Tomy,1699.0,MXN,InStock,1,1,1,0,0,1,0,0,"BEYBLADE X es un gear sport que presenta batallas extremas con increíble velocidad e impacto gracias a su truco de superaceleración, X-Dash.
Contenido del producto: Blade (1), Ratchet (1), Bit (1), Beycode (1), manual de instrucciones (1).",https://rucua.com/products/bx-00-booster-leon-claw-5-60p-metal-coat-gold,2026-09-21,rucua_bx-00-booster-leon-claw-5-60p-metal-coat-gold,BX-00,5-60,P,Leon Claw,matched,resolved,1.0,12.966666666666667,26.2,1252.6666666666667,2532.0,29.266666666666666,32.5,12.233333333333334,25.0,1.0,1.0,1,LOW_02,4500,37.75555555555555,1699.0
Rucua,BX-00 Booster Leon Claw 5-60P Metal Coat: Gold,Booster,Takara Tomy,1699.0,MXN,InStock,1,1,1,0,0,1,0,0,"BEYBLADE X es un gear sport que presenta batallas extremas con increíble velocidad e impacto gracias a su truco de superaceleración, X-Dash.
Contenido del producto: Blade (1), Ratchet (1), Bit (1), Beycode (1), manual de instrucciones (1).",https://rucua.com/products/bx-00-booster-leon-claw-5-60p-metal-coat-gold,2026-09-21,rucua_bx-00-booster-leon-claw-5-60p-metal-coat-gold,BX-00,5-60,P,Leon Claw,matched,resolved,1.0,12.966666666666667,26.2,1252.6666666666667,2532.0,29.266666666666666,32.5,12.233333333333334,25.0,1.0,1.0,1,LOW_03,5000,33.98,1699.0
Rucua,BX-00 Booster Leon Claw 5-60P Metal Coat: Gold,Booster,Takara Tomy,1699.0,MXN,InStock,1,1,1,0,0,1,0,0,"BEYBLADE X es un gear sport que presenta batallas extremas con increíble velocidad e impacto gracias a su truco de superaceleración, X-Dash.
Contenido del producto: Blade (1), Ratchet (1), Bit (1), Beycode (1), manual de instrucciones (1).",https://rucua.com/products/bx-00-booster-leon-claw-5-60p-metal-coat-gold,2026-09-21,rucua_bx-00-booster-leon-claw-5-60p-metal-coat-gold,BX-00,5-60,P,Leon Claw,matched,resolved,1.0,12.966666666666667,26.2,1252.6666666666667,2532.0,29.266666666666666,32.5,12.233333333333334,25.0,1.0,1.0,1,LOW_04,5500,30.89090909090909,1699.0
Rucua,BX-00 Booster Leon Claw 5-60P Metal Coat: Gold,Booster,Takara Tomy,1699.0,MXN,InStock,1,1,1,0,0,1,0,0,"BEYBLADE X es un gear sport que presenta batallas extremas con increíble velocidad e impacto gracias a su truco de superaceleración, X-Dash.
Contenido del producto: Blade (1), Ratchet (1), Bit (1), Beycode (1), manual de instrucciones (1).",https://rucua.com/products/bx-00-booster-leon-claw-5-60p-metal-coat-gold,2026-09-21,rucua_bx-00-booster-leon-claw-5-60p-metal-coat-gold,BX-00,5-60,P,Leon Claw,matched,resolved,1.0,12.966666666666667,26.2,1252.6666666666667,2532.0,29.266666666666666,32.5,12.233333333333334,25.0,1.0,1.0,1,LOW_05,6000,28.316666666666666,1699.0
Rucua,BX-00 Booster Leon Claw 5-60P Metal Coat: Gold,Booster,Takara Tomy,1699.0,MXN,InStock,1,1,1,0,0,1,0,0,"BEYBLADE X es un gear sport que presenta batallas extremas con increíble velocidad e impacto gracias a su truco de superaceleración, X-Dash.
Contenido del producto: Blade (1), Ratchet (1), Bit (1), Beycode (1), manual de instrucciones (1).",https://rucua.com/products/bx-00-booster-leon-claw-5-60p-metal-coat-gold,2026-09-21,rucua_bx-00-booster-leon-claw-5-60p-metal-coat-gold,BX-00,5-60,P,Leon Claw,matched,resolved,1.0,12.966666666666667,26.2,1252.6666666666667,2532.0,29.266666666666666,32.5,12.233333333333334,25.0,1.0,1.0,1,LOW_06,6500,26.138461538461538,1699.0
Rucua,BX-00 Booster Leon Claw 5-60P Metal Coat: Gold,Booster,Takara Tomy,1699.0,MXN,InStock,1,1,1,0,0,1,0,0,"BEYBLADE X es un gear sport que presenta batallas extremas con increíble velocidad e impacto gracias a su truco de superaceleración, X-Dash.
Contenido del producto: Blade (1), Ratchet (1), Bit (1), Beycode (1), manual de instrucciones (1).",https://rucua.com/products/bx-00-booster-leon-claw-5-60p-metal-coat-gold,2026-09-21,rucua_bx-00-booster-leon-claw-5-60p-metal-coat-gold,BX-00,5-60,P,Leon Claw,matched,resolved,1.0,12.966666666666667,26.2,1252.6666666666667,2532.0,29.266666666666666,32.5,12.233333333333334,25.0,1.0,1.0,1,LOW_07,7000,24.271428571428572,1699.0
Rucua,BX-00 Booster Leon Claw 5-60P Metal Coat: Gold,Booster,Takara Tomy,1699.0,MXN,InStock,1,1,1,0,0,1,0,0,"BEYBLADE X es un gear sport que presenta batallas extremas con increíble velocidad e impacto gracias a su truco de superaceleración, X-Dash.
Contenido del producto: Blade (1), Ratchet (1), Bit (1), Beycode (1), manual de instrucciones (1).",https://rucua.com/products/bx-00-booster-leon-claw-5-60p-metal-coat-gold,2026-09-21,rucua_bx-00-booster-leon-claw-5-60p-metal-coat-gold,BX-00,5-60,P,Leon Claw,matched,resolved,1.0,12.966666666666667,26.2,1252.6666666666667,2532.0,29.266666666666666,32.5,12.233333333333334,25.0,1.0,1.0,1,LOW_08,7500,22.653333333333332,1699.0
Rucua,BX-00 Booster Leon Claw 5-60P Metal Coat: Gold,Booster,Takara Tomy,1699.0,MXN,InStock,1,1,1,0,0,1,0,0,"BEYBLADE X es un gear sport que presenta batallas extremas con increíble velocidad e impacto gracias a su truco de superaceleración, X-Dash.
Contenido del producto: Blade (1), Ratchet (1), Bit (1), Beycode (1), manual de instrucciones (1).",https://rucua.com/products/bx-00-booster-leon-claw-5-60p-metal-coat-gold,2026-09-21,rucua_bx-00-booster-leon-claw-5-60p-metal-coat-gold,BX-00,5-60,P,Leon Claw,matched,resolved,1.0,12.966666666666667,26.2,1252.6666666666667,2532.0,29.266666666666666,32.5,12.233333333333334,25.0,1.0,1.0,1,LOW_09,8000,21.2375,1699.0
Rucua,BX-00 Booster Leon Claw 5-60P Metal Coat: Gold,Booster,Takara Tomy,1699.0,MXN,InStock,1,1,1,0,0,1,0,0,"BEYBLADE X es un gear sport que presenta batallas extremas con increíble velocidad e impacto gracias a su truco de superaceleración, X-Dash.
Contenido del producto: Blade (1), Ratchet (1), Bit (1), Beycode (1), manual de instrucciones (1).",https://rucua.com/products/bx-00-booster-leon-claw-5-60p-metal-coat-gold,2026-09-21,rucua_bx-00-booster-leon-claw-5-60p-metal-coat-gold,BX-00,5-60,P,Leon Claw,matched,resolved,1.0,12.966666666666667,26.2,1252.6666666666667,2532.0,29.266666666666666,32.5,12.233333333333334,25.0,1.0,1.0,1,LOW_10,8500,19.988235294117647,1699.0
Rucua,BX-00 Booster Leon Claw 5-60P Metal Coat: Gold,Booster,Takara Tomy,1699.0,MXN,InStock,1,1,1,0,0,1,0,0,"BEYBLADE X es un gear sport que presenta batallas extremas con increíble velocidad e impacto gracias a su truco de superaceleración, X-Dash.
Contenido del producto: Blade (1), Ratchet (1), Bit (1), Beycode (1), manual de instrucciones (1).",https://rucua.com/products/bx-00-booster-leon-claw-5-60p-metal-coat-gold,2026-09-21,rucua_bx-00-booster-leon-claw-5-60p-metal-coat-gold,BX-00,5-60,P,Leon Claw,matched,resolved,1.0,12.966666666666667,26.2,1252.6666666666667,2532.0,29.266666666666666,32.5,12.233333333333334,25.0,1.0,1.0,1,LOW_11,8999,18.87987554172686,1699.0
Rucua,BX-00 Booster Mammoth Task Metal Coat: Black,Booster,Takara Tomy,1099.0,MXN,InStock,1,1,1,0,0,1,0,0,"BEYBLADE X es un gear sport que presenta batallas extremas con increíble velocidad e impacto gracias a su truco de superaceleración, X-Dash.
Contenido del producto: Blade (1), Ratchet (1), Bit (1), Beycode (1), manual de instrucciones (1).",https://rucua.com/products/bx-00-booster-mammoth-task-metal-coat-black,2026-09-21,rucua_bx-00-booster-mammoth-task-metal-coat-black,BX-00,,,Tusk Mammoth,matched,resolved,1.0,0.2,0.2,23.0,23.0,43.5,43.5,0.3,0.3,0.3333333333333333,0.3333333333333333,1,LOW_01,4001,27.46813296675831,1099.0
Rucua,BX-00 Booster Mammoth Task Metal Coat: Black,Booster,Takara Tomy,1099.0,MXN,InStock,1,1,1,0,0,1,0,0,"BEYBLADE X es un gear sport que presenta batallas extremas con increíble velocidad e impacto gracias a su truco de superaceleración, X-Dash.
Contenido del producto: Blade (1), Ratchet (1), Bit (1), Beycode (1), manual de instrucciones (1).",https://rucua.com/products/bx-00-booster-mammoth-task-metal-coat-black,2026-09-21,rucua_bx-00-booster-mammoth-task-metal-coat-black,BX-00,,,Tusk Mammoth,matched,resolved,1.0,0.2,0.2,23.0,23.0,43.5,43.5,0.3,0.3,0.3333333333333333,0.3333333333333333,1,LOW_02,4500,24.422222222222224,1099.0
Rucua,BX-00 Booster Mammoth Task Metal Coat: Black,Booster,Takara Tomy,1099.0,MXN,InStock,1,1,1,0,0,1,0,0,"BEYBLADE X es un gear sport que presenta batallas extremas con increíble velocidad e impacto gracias a su truco de superaceleración, X-Dash.
Contenido del producto: Blade (1), Ratchet (1), Bit (1), Beycode (1), manual de instrucciones (1).",https://rucua.com/products/bx-00-booster-mammoth-task-metal-coat-black,2026-09-21,rucua_bx-00-booster-mammoth-task-metal-coat-black,BX-00,,,Tusk Mammoth,matched,resolved,1.0,0.2,0.2,23.0,23.0,43.5,43.5,0.3,0.3,0.3333333333333333,0.3333333333333333,1,LOW_03,5000,21.98,1099.0
Rucua,BX-00 Booster Mammoth Task Metal Coat: Black,Booster,Takara Tomy,1099.0,MXN,InStock,1,1,1,0,0,1,0,0,"BEYBLADE X es un gear sport que presenta batallas extremas con increíble velocidad e impacto gracias a su truco de superaceleración, X-Dash.
Contenido del producto: Blade (1), Ratchet (1), Bit (1), Beycode (1), manual de instrucciones (1).",https://rucua.com/products/bx-00-booster-mammoth-task-metal-coat-black,2026-09-21,rucua_bx-00-booster-mammoth-task-metal-coat-black,BX-00,,,Tusk Mammoth,matched,resolved,1.0,0.2,0.2,23.0,23.0,43.5,43.5,0.3,0.3,0.3333333333333333,0.3333333333333333,1,LOW_04,5500,19.98181818181818,1099.0
Rucua,BX-00 Booster Mammoth Task Metal Coat: Black,Booster,Takara Tomy,1099.0,MXN,InStock,1,1,1,0,0,1,0,0,"BEYBLADE X es un gear sport que presenta batallas extremas con increíble velocidad e impacto gracias a su truco de superaceleración, X-Dash.
Contenido del producto: Blade (1), Ratchet (1), Bit (1), Beycode (1), manual de instrucciones (1).",https://rucua.com/products/bx-00-booster-mammoth-task-metal-coat-black,2026-09-21,rucua_bx-00-booster-mammoth-task-metal-coat-black,BX-00,,,Tusk Mammoth,matched,resolved,1.0,0.2,0.2,23.0,23.0,43.5,43.5,0.3,0.3,0.3333333333333333,0.3333333333333333,1,LOW_05,6000,18.316666666666666,1099.0
Rucua,BX-00 Booster Mammoth Task Metal Coat: Black,Booster,Takara Tomy,1099.0,MXN,InStock,1,1,1,0,0,1,0,0,"BEYBLADE X es un gear sport que presenta batallas extremas con increíble velocidad e impacto gracias a su truco de superaceleración, X-Dash.
Contenido del producto: Blade (1), Ratchet (1), Bit (1), Beycode (1), manual de instrucciones (1).",https://rucua.com/products/bx-00-booster-mammoth-task-metal-coat-black,2026-09-21,rucua_bx-00-booster-mammoth-task-metal-coat-black,BX-00,,,Tusk Mammoth,matched,resolved,1.0,0.2,0.2,23.0,23.0,43.5,43.5,0.3,0.3,0.3333333333333333,0.3333333333333333,1,LOW_06,6500,16.907692307692308,1099.0
Rucua,BX-00 Booster Mammoth Task Metal Coat: Black,Booster,Takara Tomy,1099.0,MXN,InStock,1,1,1,0,0,1,0,0,"BEYBLADE X es un gear sport que presenta batallas extremas con increíble velocidad e impacto gracias a su truco de superaceleración, X-Dash.
Contenido del producto: Blade (1), Ratchet (1), Bit (1), Beycode (1), manual de instrucciones (1).",https://rucua.com/products/bx-00-booster-mammoth-task-metal-coat-black,2026-09-21,rucua_bx-00-booster-mammoth-task-metal-coat-black,BX-00,,,Tusk Mammoth,matched,resolved,1.0,0.2,0.2,23.0,23.0,43.5,43.5,0.3,0.3,0.3333333333333333,0.3333333333333333,1,LOW_07,7000,15.7,1099.0
Rucua,BX-00 Booster Mammoth Task Metal Coat: Black,Booster,Takara Tomy,1099.0,MXN,InStock,1,1,1,0,0,1,0,0,"BEYBLADE X es un gear sport que presenta batallas extremas con increíble velocidad e impacto gracias a su truco de superaceleración, X-Dash.
Contenido del producto: Blade (1), Ratchet (1), Bit (1), Beycode (1), manual de instrucciones (1).",https://rucua.com/products/bx-00-booster-mammoth-task-metal-coat-black,2026-09-21,rucua_bx-00-booster-mammoth-task-metal-coat-black,BX-00,,,Tusk Mammoth,matched,resolved,1.0,0.2,0.2,23.0,23.0,43.5,43.5,0.3,0.3,0.3333333333333333,0.3333333333333333,1,LOW_08,7500,14.653333333333332,1099.0
Rucua,BX-00 Booster Mammoth Task Metal Coat: Black,Booster,Takara Tomy,1099.0,MXN,InStock,1,1,1,0,0,1,0,0,"BEYBLADE X es un gear sport que presenta batallas extremas con increíble velocidad e impacto gracias a su truco de superaceleración, X-Dash.
Contenido del producto: Blade (1), Ratchet (1), Bit (1), Beycode (1), manual de instrucciones (1).",https://rucua.com/products/bx-00-booster-mammoth-task-metal-coat-black,2026-09-21,rucua_bx-00-booster-mammoth-task-metal-coat-black,BX-00,,,Tusk Mammoth,matched,resolved,1.0,0.2,0.2,23.0,23.0,43.5,43.5,0.3,0.3,0.3333333333333333,0.3333333333333333,1,LOW_09,8000,13.737499999999999,1099.0
Rucua,BX-00 Booster Mammoth Task Metal Coat: Black,Booster,Takara Tomy,1099.0,MXN,InStock,1,1,1,0,0,1,0,0,"BEYBLADE X es un gear sport que presenta batallas extremas con increíble velocidad e impacto gracias a su truco de superaceleración, X-Dash.
Contenido del producto: Blade (1), Ratchet (1), Bit (1), Beycode (1), manual de instrucciones (1).",https://rucua.com/products/bx-00-booster-mammoth-task-metal-coat-black,2026-09-21,rucua_bx-00-booster-mammoth-task-metal-coat-black,BX-00,,,Tusk Mammoth,matched,resolved,1.0,0.2,0.2,23.0,23.0,43.5,43.5,0.3,0.3,0.3333333333333333,0.3333333333333333,1,LOW_10,8500,12.929411764705884,1099.0
Rucua,BX-00 Booster Mammoth Task Metal Coat: Black,Booster,Takara Tomy,1099.0,MXN,InStock,1,1,1,0,0,1,0,0,"BEYBLADE X es un gear sport que presenta batallas extremas con increíble velocidad e impacto gracias a su truco de superaceleración, X-Dash.
Contenido del producto: Blade (1), Ratchet (1), Bit (1), Beycode (1), manual de instrucciones (1).",https://rucua.com/products/bx-00-booster-mammoth-task-metal-coat-black,2026-09-21,rucua_bx-00-booster-mammoth-task-metal-coat-black,BX-00,,,Tusk Mammoth,matched,resolved,1.0,0.2,0.2,23.0,23.0,43.5,43.5,0.3,0.3,0.3333333333333333,0.3333333333333333,1,LOW_11,8999,12.212468052005779,1099.0
Rucua,BX-00 Booster Rock Leone 6-80GN,Booster,Takara Tomy,799.0,MXN,OutOfStock,1,1,1,0,0,1,0,0,"BEYBLADE X es un gear sport que presenta batallas extremas con increíble velocidad e impacto gracias a su truco de superaceleración, X-Dash.
Contenido del producto: Blade (1), Ratchet (1), Bit (1), Beycode (1), manual de instrucciones (1).",https://rucua.com/products/bx-00-booster-rock-leone-6-80gn,2026-09-21,rucua_bx-00-booster-rock-leone-6-80gn,BX-00,6-80,GN,Rock Leone,matched,resolved,1.0,0.20000000000000004,0.3,19.666666666666668,28.0,15.366666666666665,21.4,0.10000000000000002,0.2,1.0,1.0,0,LOW_01,4001,19.97000749812547,799.0
Rucua,BX-00 Booster Rock Leone 6-80GN,Booster,Takara Tomy,799.0,MXN,OutOfStock,1,1,1,0,0,1,0,0,"BEYBLADE X es un gear sport que presenta batallas extremas con increíble velocidad e impacto gracias a su truco de superaceleración, X-Dash.
Contenido del producto: Blade (1), Ratchet (1), Bit (1), Beycode (1), manual de instrucciones (1).",https://rucua.com/products/bx-00-booster-rock-leone-6-80gn,2026-09-21,rucua_bx-00-booster-rock-leone-6-80gn,BX-00,6-80,GN,Rock Leone,matched,resolved,1.0,0.20000000000000004,0.3,19.666666666666668,28.0,15.366666666666665,21.4,0.10000000000000002,0.2,1.0,1.0,0,LOW_02,4500,17.755555555555556,799.0
Rucua,BX-00 Booster Rock Leone 6-80GN,Booster,Takara Tomy,799.0,MXN,OutOfStock,1,1,1,0,0,1,0,0,"BEYBLADE X es un gear sport que presenta batallas extremas con increíble velocidad e impacto gracias a su truco de superaceleración, X-Dash.
Contenido del producto: Blade (1), Ratchet (1), Bit (1), Beycode (1), manual de instrucciones (1).",https://rucua.com/products/bx-00-booster-rock-leone-6-80gn,2026-09-21,rucua_bx-00-booster-rock-leone-6-80gn,BX-00,6-80,GN,Rock Leone,matched,resolved,1.0,0.20000000000000004,0.3,19.666666666666668,28.0,15.366666666666665,21.4,0.10000000000000002,0.2,1.0,1.0,0,LOW_03,5000,15.98,799.0
Rucua,BX-00 Booster Rock Leone 6-80GN,Booster,Takara Tomy,799.0,MXN,OutOfStock,1,1,1,0,0,1,0,0,"BEYBLADE X es un gear sport que presenta batallas extremas con increíble velocidad e impacto gracias a su truco de superaceleración, X-Dash.
Contenido del producto: Blade (1), Ratchet (1), Bit (1), Beycode (1), manual de instrucciones (1).",https://rucua.com/products/bx-00-booster-rock-leone-6-80gn,2026-09-21,rucua_bx-00-booster-rock-leone-6-80gn,BX-00,6-80,GN,Rock Leone,matched,resolved,1.0,0.20000000000000004,0.3,19.666666666666668,28.0,15.366666666666665,21.4,0.10000000000000002,0.2,1.0,1.0,0,LOW_04,5500,14.527272727272727,799.0
Rucua,BX-00 Booster Rock Leone 6-80GN,Booster,Takara Tomy,799.0,MXN,OutOfStock,1,1,1,0,0,1,0,0,"BEYBLADE X es un gear sport que presenta batallas extremas con increíble velocidad e impacto gracias a su truco de superaceleración, X-Dash.
Contenido del producto: Blade (1), Ratchet (1), Bit (1), Beycode (1), manual de instrucciones (1).",https://rucua.com/products/bx-00-booster-rock-leone-6-80gn,2026-09-21,rucua_bx-00-booster-rock-leone-6-80gn,BX-00,6-80,GN,Rock Leone,matched,resolved,1.0,0.20000000000000004,0.3,19.666666666666668,28.0,15.366666666666665,21.4,0.10000000000000002,0.2,1.0,1.0,0,LOW_05,6000,13.316666666666666,799.0
Rucua,BX-00 Booster Rock Leone 6-80GN,Booster,Takara Tomy,799.0,MXN,OutOfStock,1,1,1,0,0,1,0,0,"BEYBLADE X es un gear sport que presenta batallas extremas con increíble velocidad e impacto gracias a su truco de superaceleración, X-Dash.
Contenido del producto: Blade (1), Ratchet (1), Bit (1), Beycode (1), manual de instrucciones (1).",https://rucua.com/products/bx-00-booster-rock-leone-6-80gn,2026-09-21,rucua_bx-00-booster-rock-leone-6-80gn,BX-00,6-80,GN,Rock Leone,matched,resolved,1.0,0.20000000000000004,0.3,19.666666666666668,28.0,15.366666666666665,21.4,0.10000000000000002,0.2,1.0,1.0,0,LOW_06,6500,12.292307692307693,799.0
Rucua,BX-00 Booster Rock Leone 6-80GN,Booster,Takara Tomy,799.0,MXN,OutOfStock,1,1,1,0,0,1,0,0,"BEYBLADE X es un gear sport que presenta batallas extremas con increíble velocidad e impacto gracias a su truco de superaceleración, X-Dash.
Contenido del producto: Blade (1), Ratchet (1), Bit (1), Beycode (1), manual de instrucciones (1).",https://rucua.com/products/bx-00-booster-rock-leone-6-80gn,2026-09-21,rucua_bx-00-booster-rock-leone-6-80gn,BX-00,6-80,GN,Rock Leone,matched,resolved,1.0,0.20000000000000004,0.3,19.666666666666668,28.0,15.366666666666665,21.4,0.10000000000000002,0.2,1.0,1.0,0,LOW_07,7000,11.414285714285715,799.0
Rucua,BX-00 Booster Rock Leone 6-80GN,Booster,Takara Tomy,799.0,MXN,OutOfStock,1,1,1,0,0,1,0,0,"BEYBLADE X es un gear sport que presenta batallas extremas con increíble velocidad e impacto gracias a su truco de superaceleración, X-Dash.
Contenido del producto: Blade (1), Ratchet (1), Bit (1), Beycode (1), manual de instrucciones (1).",https://rucua.com/products/bx-00-booster-rock-leone-6-80gn,2026-09-21,rucua_bx-00-booster-rock-leone-6-80gn,BX-00,6-80,GN,Rock Leone,matched,resolved,1.0,0.20000000000000004,0.3,19.666666666666668,28.0,15.366666666666665,21.4,0.10000000000000002,0.2,1.0,1.0,0,LOW_08,7500,10.653333333333332,799.0
Rucua,BX-00 Booster Rock Leone 6-80GN,Booster,Takara Tomy,799.0,MXN,OutOfStock,1,1,1,0,0,1,0,0,"BEYBLADE X es un gear sport que presenta batallas extremas con increíble velocidad e impacto gracias a su truco de superaceleración, X-Dash.
Contenido del producto: Blade (1), Ratchet (1), Bit (1), Beycode (1), manual de instrucciones (1).",https://rucua.com/products/bx-00-booster-rock-leone-6-80gn,2026-09-21,rucua_bx-00-booster-rock-leone-6-80gn,BX-00,6-80,GN,Rock Leone,matched,resolved,1.0,0.20000000000000004,0.3,19.666666666666668,28.0,15.366666666666665,21.4,0.10000000000000002,0.2,1.0,1.0,0,LOW_09,8000,9.9875,799.0
Rucua,BX-00 Booster Rock Leone 6-80GN,Booster,Takara Tomy,799.0,MXN,OutOfStock,1,1,1,0,0,1,0,0,"BEYBLADE X es un gear sport que presenta batallas extremas con increíble velocidad e impacto gracias a su truco de superaceleración, X-Dash.
Contenido del producto: Blade (1), Ratchet (1), Bit (1), Beycode (1), manual de instrucciones (1).",https://rucua.com/products/bx-00-booster-rock-leone-6-80gn,2026-09-21,rucua_bx-00-booster-rock-leone-6-80gn,BX-00,6-80,GN,Rock Leone,matched,resolved,1.0,0.20000000000000004,0.3,19.666666666666668,28.0,15.366666666666665,21.4,0.10000000000000002,0.2,1.0,1.0,0,LOW_10,8500,9.4,799.0
Rucua,BX-00 Booster Rock Leone 6-80GN,Booster,Takara Tomy,799.0,MXN,OutOfStock,1,1,1,0,0,1,0,0,"BEYBLADE X es un gear sport que presenta batallas extremas con increíble velocidad e impacto gracias a su truco de superaceleración, X-Dash.
Contenido del producto: Blade (1), Ratchet (1), Bit (1), Beycode (1), manual de instrucciones (1).",https://rucua.com/products/bx-00-booster-rock-leone-6-80gn,2026-09-21,rucua_bx-00-booster-rock-leone-6-80gn,BX-00,6-80,GN,Rock Leone,matched,resolved,1.0,0.20000000000000004,0.3,19.666666666666668,28.0,15.366666666666665,21.4,0.10000000000000002,0.2,1.0,1.0,0,LOW_11,8999,8.87876430714524,799.0
Rucua,BX-00 Booster Shark Edge 5-60GF Metal Coat: Blue,Booster,Takara Tomy,1799.0,MXN,InStock,1,1,1,0,0,1,0,0,"BEYBLADE X es un gear sport que presenta batallas extremas con increíble velocidad e impacto gracias a su truco de superaceleración, X-Dash.
Contenido del producto: Blade (1), Ratchet (1), Bit (1), Beycode (1), manual de instrucciones (1).",https://rucua.com/products/bx-00-booster-shark-edge-5-60gf-metal-coat-blue,2026-09-21,rucua_bx-00-booster-shark-edge-5-60gf-metal-coat-blue,BX-00,5-60,GF,Shark Edge,matched,resolved,1.0,10.299999999999999,26.2,996.3333333333334,2532.0,29.099999999999998,32.5,9.6,25.0,1.0,1.0,1,LOW_01,4001,44.96375906023494,1799.0
Rucua,BX-00 Booster Shark Edge 5-60GF Metal Coat: Blue,Booster,Takara Tomy,1799.0,MXN,InStock,1,1,1,0,0,1,0,0,"BEYBLADE X es un gear sport que presenta batallas extremas con increíble velocidad e impacto gracias a su truco de superaceleración, X-Dash.
Contenido del producto: Blade (1), Ratchet (1), Bit (1), Beycode (1), manual de instrucciones (1).",https://rucua.com/products/bx-00-booster-shark-edge-5-60gf-metal-coat-blue,2026-09-21,rucua_bx-00-booster-shark-edge-5-60gf-metal-coat-blue,BX-00,5-60,GF,Shark Edge,matched,resolved,1.0,10.299999999999999,26.2,996.3333333333334,2532.0,29.099999999999998,32.5,9.6,25.0,1.0,1.0,1,LOW_02,4500,39.97777777777778,1799.0
Rucua,BX-00 Booster Shark Edge 5-60GF Metal Coat: Blue,Booster,Takara Tomy,1799.0,MXN,InStock,1,1,1,0,0,1,0,0,"BEYBLADE X es un gear sport que presenta batallas extremas con increíble velocidad e impacto gracias a su truco de superaceleración, X-Dash.
Contenido del producto: Blade (1), Ratchet (1), Bit (1), Beycode (1), manual de instrucciones (1).",https://rucua.com/products/bx-00-booster-shark-edge-5-60gf-metal-coat-blue,2026-09-21,rucua_bx-00-booster-shark-edge-5-60gf-metal-coat-blue,BX-00,5-60,GF,Shark Edge,matched,resolved,1.0,10.299999999999999,26.2,996.3333333333334,2532.0,29.099999999999998,32.5,9.6,25.0,1.0,1.0,1,LOW_03,5000,35.980000000000004,1799.0
Rucua,BX-00 Booster Shark Edge 5-60GF Metal Coat: Blue,Booster,Takara Tomy,1799.0,MXN,InStock,1,1,1,0,0,1,0,0,"BEYBLADE X es un gear sport que presenta batallas extremas con increíble velocidad e impacto gracias a su truco de superaceleración, X-Dash.
Contenido del producto: Blade (1), Ratchet (1), Bit (1), Beycode (1), manual de instrucciones (1).",https://rucua.com/products/bx-00-booster-shark-edge-5-60gf-metal-coat-blue,2026-09-21,rucua_bx-00-booster-shark-edge-5-60gf-metal-coat-blue,BX-00,5-60,GF,Shark Edge,matched,resolved,1.0,10.299999999999999,26.2,996.3333333333334,2532.0,29.099999999999998,32.5,9.6,25.0,1.0,1.0,1,LOW_04,5500,32.70909090909091,1799.0
Rucua,BX-00 Booster Shark Edge 5-60GF Metal Coat: Blue,Booster,Takara Tomy,1799.0,MXN,InStock,1,1,1,0,0,1,0,0,"BEYBLADE X es un gear sport que presenta batallas extremas con increíble velocidad e impacto gracias a su truco de superaceleración, X-Dash.
Contenido del producto: Blade (1), Ratchet (1), Bit (1), Beycode (1), manual de instrucciones (1).",https://rucua.com/products/bx-00-booster-shark-edge-5-60gf-metal-coat-blue,2026-09-21,rucua_bx-00-booster-shark-edge-5-60gf-metal-coat-blue,BX-00,5-60,GF,Shark Edge,matched,resolved,1.0,10.299999999999999,26.2,996.3333333333334,2532.0,29.099999999999998,32.5,9.6,25.0,1.0,1.0,1,LOW_05,6000,29.983333333333334,1799.0
Rucua,BX-00 Booster Shark Edge 5-60GF Metal Coat: Blue,Booster,Takara Tomy,1799.0,MXN,InStock,1,1,1,0,0,1,0,0,"BEYBLADE X es un gear sport que presenta batallas extremas con increíble velocidad e impacto gracias a su truco de superaceleración, X-Dash.
Contenido del producto: Blade (1), Ratchet (1), Bit (1), Beycode (1), manual de instrucciones (1).",https://rucua.com/products/bx-00-booster-shark-edge-5-60gf-metal-coat-blue,2026-09-21,rucua_bx-00-booster-shark-edge-5-60gf-metal-coat-blue,BX-00,5-60,GF,Shark Edge,matched,resolved,1.0,10.299999999999999,26.2,996.3333333333334,2532.0,29.099999999999998,32.5,9.6,25.0,1.0,1.0,1,LOW_06,6500,27.676923076923078,1799.0
Rucua,BX-00 Booster Shark Edge 5-60GF Metal Coat: Blue,Booster,Takara Tomy,1799.0,MXN,InStock,1,1,1,0,0,1,0,0,"BEYBLADE X es un gear sport que presenta batallas extremas con increíble velocidad e impacto gracias a su truco de superaceleración, X-Dash.
Contenido del producto: Blade (1), Ratchet (1), Bit (1), Beycode (1), manual de instrucciones (1).",https://rucua.com/products/bx-00-booster-shark-edge-5-60gf-metal-coat-blue,2026-09-21,rucua_bx-00-booster-shark-edge-5-60gf-metal-coat-blue,BX-00,5-60,GF,Shark Edge,matched,resolved,1.0,10.299999999999999,26.2,996.3333333333334,2532.0,29.099999999999998,32.5,9.6,25.0,1.0,1.0,1,LOW_07,7000,25.7,1799.0
Rucua,BX-00 Booster Shark Edge 5-60GF Metal Coat: Blue,Booster,Takara Tomy,1799.0,MXN,InStock,1,1,1,0,0,1,0,0,"BEYBLADE X es un gear sport que presenta batallas extremas con increíble velocidad e impacto gracias a su truco de superaceleración, X-Dash.
Contenido del producto: Blade (1), Ratchet (1), Bit (1), Beycode (1), manual de instrucciones (1).",https://rucua.com/products/bx-00-booster-shark-edge-5-60gf-metal-coat-blue,2026-09-21,rucua_bx-00-booster-shark-edge-5-60gf-metal-coat-blue,BX-00,5-60,GF,Shark Edge,matched,resolved,1.0,10.299999999999999,26.2,996.3333333333334,2532.0,29.099999999999998,32.5,9.6,25.0,1.0,1.0,1,LOW_08,7500,23.986666666666668,1799.0
Rucua,BX-00 Booster Shark Edge 5-60GF Metal Coat: Blue,Booster,Takara Tomy,1799.0,MXN,InStock,1,1,1,0,0,1,0,0,"BEYBLADE X es un gear sport que presenta batallas extremas con increíble velocidad e impacto gracias a su truco de superaceleración, X-Dash.
Contenido del producto: Blade (1), Ratchet (1), Bit (1), Beycode (1), manual de instrucciones (1).",https://rucua.com/products/bx-00-booster-shark-edge-5-60gf-metal-coat-blue,2026-09-21,rucua_bx-00-booster-shark-edge-5-60gf-metal-coat-blue,BX-00,5-60,GF,Shark Edge,matched,resolved,1.0,10.299999999999999,26.2,996.3333333333334,2532.0,29.099999999999998,32.5,9.6,25.0,1.0,1.0,1,LOW_09,8000,22.4875,1799.0
Rucua,BX-00 Booster Shark Edge 5-60GF Metal Coat: Blue,Booster,Takara Tomy,1799.0,MXN,InStock,1,1,1,0,0,1,0,0,"BEYBLADE X es un gear sport que presenta batallas extremas con increíble velocidad e impacto gracias a su truco de superaceleración, X-Dash.
Contenido del producto: Blade (1), Ratchet (1), Bit (1), Beycode (1), manual de instrucciones (1).",https://rucua.com/products/bx-00-booster-shark-edge-5-60gf-metal-coat-blue,2026-09-21,rucua_bx-00-booster-shark-edge-5-60gf-metal-coat-blue,BX-00,5-60,GF,Shark Edge,matched,resolved,1.0,10.299999999999999,26.2,996.3333333333334,2532.0,29.099999999999998,32.5,9.6,25.0,1.0,1.0,1,LOW_10,8500,21.16470588235294,1799.0
Rucua,BX-00 Booster Shark Edge 5-60GF Metal Coat: Blue,Booster,Takara Tomy,1799.0,MXN,InStock,1,1,1,0,0,1,0,0,"BEYBLADE X es un gear sport que presenta batallas extremas con increíble velocidad e impacto gracias a su truco de superaceleración, X-Dash.
Contenido del producto: Blade (1), Ratchet (1), Bit (1), Beycode (1), manual de instrucciones (1).",https://rucua.com/products/bx-00-booster-shark-edge-5-60gf-metal-coat-blue,2026-09-21,rucua_bx-00-booster-shark-edge-5-60gf-metal-coat-blue,BX-00,5-60,GF,Shark Edge,matched,resolved,1.0,10.299999999999999,26.2,996.3333333333334,2532.0,29.099999999999998,32.5,9.6,25.0,1.0,1.0,1,LOW_11,8999,19.99111012334704,1799.0
Rucua,BX-00 Starter Cobalt Dragoon 9-60F Metal Coat: White J.League Ver.,Starter,Takara Tomy,1999.0,MXN,OutOfStock,1,1,1,1,0,1,1,0,"BEYBLADE X es un gear sport que presenta batallas extremas con increíble velocidad e impacto gracias a su truco de superaceleración, X-Dash.
Contenido del producto: Blade (1), Ratchet (1), Bit (1), lanzador de jareta (1), jareta (1), planilla de stickers (1), Beycode (1), manual de instrucciones (1).",https://rucua.com/products/bx-00-cobalt-dragoon-9-60f-metal-coat-white-j-league-ver,2026-09-21,rucua_bx-00-cobalt-dragoon-9-60f-metal-coat-white-j-league-ver,BX-00,9-60,F,Cobalt Dragoon,matched,resolved,1.0,31.566666666666666,67.9,3048.3333333333335,6555.0,30.433333333333334,34.1,31.066666666666666,67.4,1.0,1.0,0,LOW_01,4001,49.96250937265684,1999.0
Rucua,BX-00 Starter Cobalt Dragoon 9-60F Metal Coat: White J.League Ver.,Starter,Takara Tomy,1999.0,MXN,OutOfStock,1,1,1,1,0,1,1,0,"BEYBLADE X es un gear sport que presenta batallas extremas con increíble velocidad e impacto gracias a su truco de superaceleración, X-Dash.
Contenido del producto: Blade (1), Ratchet (1), Bit (1), lanzador de jareta (1), jareta (1), planilla de stickers (1), Beycode (1), manual de instrucciones (1).",https://rucua.com/products/bx-00-cobalt-dragoon-9-60f-metal-coat-white-j-league-ver,2026-09-21,rucua_bx-00-cobalt-dragoon-9-60f-metal-coat-white-j-league-ver,BX-00,9-60,F,Cobalt Dragoon,matched,resolved,1.0,31.566666666666666,67.9,3048.3333333333335,6555.0,30.433333333333334,34.1,31.066666666666666,67.4,1.0,1.0,0,LOW_02,4500,44.422222222222224,1999.0
Rucua,BX-00 Starter Cobalt Dragoon 9-60F Metal Coat: White J.League Ver.,Starter,Takara Tomy,1999.0,MXN,OutOfStock,1,1,1,1,0,1,1,0,"BEYBLADE X es un gear sport que presenta batallas extremas con increíble velocidad e impacto gracias a su truco de superaceleración, X-Dash.
Contenido del producto: Blade (1), Ratchet (1), Bit (1), lanzador de jareta (1), jareta (1), planilla de stickers (1), Beycode (1), manual de instrucciones (1).",https://rucua.com/products/bx-00-cobalt-dragoon-9-60f-metal-coat-white-j-league-ver,2026-09-21,rucua_bx-00-cobalt-dragoon-9-60f-metal-coat-white-j-league-ver,BX-00,9-60,F,Cobalt Dragoon,matched,resolved,1.0,31.566666666666666,67.9,3048.3333333333335,6555.0,30.433333333333334,34.1,31.066666666666666,67.4,1.0,1.0,0,LOW_03,5000,39.98,1999.0
Rucua,BX-00 Starter Cobalt Dragoon 9-60F Metal Coat: White J.League Ver.,Starter,Takara Tomy,1999.0,MXN,OutOfStock,1,1,1,1,0,1,1,0,"BEYBLADE X es un gear sport que presenta batallas extremas con increíble velocidad e impacto gracias a su truco de superaceleración, X-Dash.
Contenido del producto: Blade (1), Ratchet (1), Bit (1), lanzador de jareta (1), jareta (1), planilla de stickers (1), Beycode (1), manual de instrucciones (1).",https://rucua.com/products/bx-00-cobalt-dragoon-9-60f-metal-coat-white-j-league-ver,2026-09-21,rucua_bx-00-cobalt-dragoon-9-60f-metal-coat-white-j-league-ver,BX-00,9-60,F,Cobalt Dragoon,matched,resolved,1.0,31.566666666666666,67.9,3048.3333333333335,6555.0,30.433333333333334,34.1,31.066666666666666,67.4,1.0,1.0,0,LOW_04,5500,36.345454545454544,1999.0
Rucua,BX-00 Starter Cobalt Dragoon 9-60F Metal Coat: White J.League Ver.,Starter,Takara Tomy,1999.0,MXN,OutOfStock,1,1,1,1,0,1,1,0,"BEYBLADE X es un gear sport que presenta batallas extremas con increíble velocidad e impacto gracias a su truco de superaceleración, X-Dash.
Contenido del producto: Blade (1), Ratchet (1), Bit (1), lanzador de jareta (1), jareta (1), planilla de stickers (1), Beycode (1), manual de instrucciones (1).",https://rucua.com/products/bx-00-cobalt-dragoon-9-60f-metal-coat-white-j-league-ver,2026-09-21,rucua_bx-00-cobalt-dragoon-9-60f-metal-coat-white-j-league-ver,BX-00,9-60,F,Cobalt Dragoon,matched,resolved,1.0,31.566666666666666,67.9,3048.3333333333335,6555.0,30.433333333333334,34.1,31.066666666666666,67.4,1.0,1.0,0,LOW_05,6000,33.31666666666667,1999.0
Rucua,BX-00 Starter Cobalt Dragoon 9-60F Metal Coat: White J.League Ver.,Starter,Takara Tomy,1999.0,MXN,OutOfStock,1,1,1,1,0,1,1,0,"BEYBLADE X es un gear sport que presenta batallas extremas con increíble velocidad e impacto gracias a su truco de superaceleración, X-Dash.
Contenido del producto: Blade (1), Ratchet (1), Bit (1), lanzador de jareta (1), jareta (1), planilla de stickers (1), Beycode (1), manual de instrucciones (1).",https://rucua.com/products/bx-00-cobalt-dragoon-9-60f-metal-coat-white-j-league-ver,2026-09-21,rucua_bx-00-cobalt-dragoon-9-60f-metal-coat-white-j-league-ver,BX-00,9-60,F,Cobalt Dragoon,matched,resolved,1.0,31.566666666666666,67.9,3048.3333333333335,6555.0,30.433333333333334,34.1,31.066666666666666,67.4,1.0,1.0,0,LOW_06,6500,30.753846153846155,1999.0
Rucua,BX-00 Starter Cobalt Dragoon 9-60F Metal Coat: White J.League Ver.,Starter,Takara Tomy,1999.0,MXN,OutOfStock,1,1,1,1,0,1,1,0,"BEYBLADE X es un gear sport que presenta batallas extremas con increíble velocidad e impacto gracias a su truco de superaceleración, X-Dash.
Contenido del producto: Blade (1), Ratchet (1), Bit (1), lanzador de jareta (1), jareta (1), planilla de stickers (1), Beycode (1), manual de instrucciones (1).",https://rucua.com/products/bx-00-cobalt-dragoon-9-60f-metal-coat-white-j-league-ver,2026-09-21,rucua_bx-00-cobalt-dragoon-9-60f-metal-coat-white-j-league-ver,BX-00,9-60,F,Cobalt Dragoon,matched,resolved,1.0,31.566666666666666,67.9,3048.3333333333335,6555.0,30.433333333333334,34.1,31.066666666666666,67.4,1.0,1.0,0,LOW_07,7000,28.557142857142857,1999.0
Rucua,BX-00 Starter Cobalt Dragoon 9-60F Metal Coat: White J.League Ver.,Starter,Takara Tomy,1999.0,MXN,OutOfStock,1,1,1,1,0,1,1,0,"BEYBLADE X es un gear sport que presenta batallas extremas con increíble velocidad e impacto gracias a su truco de superaceleración, X-Dash.
Contenido del producto: Blade (1), Ratchet (1), Bit (1), lanzador de jareta (1), jareta (1), planilla de stickers (1), Beycode (1), manual de instrucciones (1).",https://rucua.com/products/bx-00-cobalt-dragoon-9-60f-metal-coat-white-j-league-ver,2026-09-21,rucua_bx-00-cobalt-dragoon-9-60f-metal-coat-white-j-league-ver,BX-00,9-60,F,Cobalt Dragoon,matched,resolved,1.0,31.566666666666666,67.9,3048.3333333333335,6555.0,30.433333333333334,34.1,31.066666666666666,67.4,1.0,1.0,0,LOW_08,7500,26.653333333333336,1999.0
Rucua,BX-00 Starter Cobalt Dragoon 9-60F Metal Coat: White J.League Ver.,Starter,Takara Tomy,1999.0,MXN,OutOfStock,1,1,1,1,0,1,1,0,"BEYBLADE X es un gear sport que presenta batallas extremas con increíble velocidad e impacto gracias a su truco de superaceleración, X-Dash.
Contenido del producto: Blade (1), Ratchet (1), Bit (1), lanzador de jareta (1), jareta (1), planilla de stickers (1), Beycode (1), manual de instrucciones (1).",https://rucua.com/products/bx-00-cobalt-dragoon-9-60f-metal-coat-white-j-league-ver,2026-09-21,rucua_bx-00-cobalt-dragoon-9-60f-metal-coat-white-j-league-ver,BX-00,9-60,F,Cobalt Dragoon,matched,resolved,1.0,31.566666666666666,67.9,3048.3333333333335,6555.0,30.433333333333334,34.1,31.066666666666666,67.4,1.0,1.0,0,LOW_09,8000,24.9875,1999.0
Rucua,BX-00 Starter Cobalt Dragoon 9-60F Metal Coat: White J.League Ver.,Starter,Takara Tomy,1999.0,MXN,OutOfStock,1,1,1,1,0,1,1,0,"BEYBLADE X es un gear sport que presenta batallas extremas con increíble velocidad e impacto gracias a su truco de superaceleración, X-Dash.
Contenido del producto: Blade (1), Ratchet (1), Bit (1), lanzador de jareta (1), jareta (1), planilla de stickers (1), Beycode (1), manual de instrucciones (1).",https://rucua.com/products/bx-00-cobalt-dragoon-9-60f-metal-coat-white-j-league-ver,2026-09-21,rucua_bx-00-cobalt-dragoon-9-60f-metal-coat-white-j-league-ver,BX-00,9-60,F,Cobalt Dragoon,matched,resolved,1.0,31.566666666666666,67.9,3048.3333333333335,6555.0,30.433333333333334,34.1,31.066666666666666,67.4,1.0,1.0,0,LOW_10,8500,23.517647058823528,1999.0
Rucua,BX-00 Starter Cobalt Dragoon 9-60F Metal Coat: White J.League Ver.,Starter,Takara Tomy,1999.0,MXN,OutOfStock,1,1,1,1,0,1,1,0,"BEYBLADE X es un gear sport que presenta batallas extremas con increíble velocidad e impacto gracias a su truco de superaceleración, X-Dash.
Contenido del producto: Blade (1), Ratchet (1), Bit (1), lanzador de jareta (1), jareta (1), planilla de stickers (1), Beycode (1), manual de instrucciones (1).",https://rucua.com/products/bx-00-cobalt-dragoon-9-60f-metal-coat-white-j-league-ver,2026-09-21,rucua_bx-00-cobalt-dragoon-9-60f-metal-coat-white-j-league-ver,BX-00,9-60,F,Cobalt Dragoon,matched,resolved,1.0,31.566666666666666,67.9,3048.3333333333335,6555.0,30.433333333333334,34.1,31.066666666666666,67.4,1.0,1.0,0,LOW_11,8999,22.213579286587397,1999.0
Rucua,BX-00 CoroCoro Croc Crunch 2-60Q Metal Coat: Green,Other,Takara Tomy,1999.0,MXN,InStock,1,1,1,0,0,1,0,0,"BEYBLADE X es un gear sport que presenta batallas extremas con increíble velocidad e impacto gracias a su truco de superaceleración, X-Dash.
Contenido del producto: Blade (1), Ratchet (1), Bit (1).",https://rucua.com/products/bx-00-corocoro-croc-crunch-2-60q-metal-coat-green,2026-09-21,rucua_bx-00-corocoro-croc-crunch-2-60q-metal-coat-green,BX-00,2-60,Q,Bite Croc,matched,resolved,1.0,0.5,0.6,46.333333333333336,58.0,24.933333333333337,37.0,0.3666666666666667,0.5,1.0,1.0,1,LOW_01,4001,49.96250937265684,1999.0
Rucua,BX-00 CoroCoro Croc Crunch 2-60Q Metal Coat: Green,Other,Takara Tomy,1999.0,MXN,InStock,1,1,1,0,0,1,0,0,"BEYBLADE X es un gear sport que presenta batallas extremas con increíble velocidad e impacto gracias a su truco de superaceleración, X-Dash.
Contenido del producto: Blade (1), Ratchet (1), Bit (1).",https://rucua.com/products/bx-00-corocoro-croc-crunch-2-60q-metal-coat-green,2026-09-21,rucua_bx-00-corocoro-croc-crunch-2-60q-metal-coat-green,BX-00,2-60,Q,Bite Croc,matched,resolved,1.0,0.5,0.6,46.333333333333336,58.0,24.933333333333337,37.0,0.3666666666666667,0.5,1.0,1.0,1,LOW_02,4500,44.422222222222224,1999.0
Rucua,BX-00 CoroCoro Croc Crunch 2-60Q Metal Coat: Green,Other,Takara Tomy,1999.0,MXN,InStock,1,1,1,0,0,1,0,0,"BEYBLADE X es un gear sport que presenta batallas extremas con increíble velocidad e impacto gracias a su truco de superaceleración, X-Dash.
Contenido del producto: Blade (1), Ratchet (1), Bit (1).",https://rucua.com/products/bx-00-corocoro-croc-crunch-2-60q-metal-coat-green,2026-09-21,rucua_bx-00-corocoro-croc-crunch-2-60q-metal-coat-green,BX-00,2-60,Q,Bite Croc,matched,resolved,1.0,0.5,0.6,46.333333333333336,58.0,24.933333333333337,37.0,0.3666666666666667,0.5,1.0,1.0,1,LOW_03,5000,39.98,1999.0
Rucua,BX-00 CoroCoro Croc Crunch 2-60Q Metal Coat: Green,Other,Takara Tomy,1999.0,MXN,InStock,1,1,1,0,0,1,0,0,"BEYBLADE X es un gear sport que presenta batallas extremas con increíble velocidad e impacto gracias a su truco de superaceleración, X-Dash.
Contenido del producto: Blade (1), Ratchet (1), Bit (1).",https://rucua.com/products/bx-00-corocoro-croc-crunch-2-60q-metal-coat-green,2026-09-21,rucua_bx-00-corocoro-croc-crunch-2-60q-metal-coat-green,BX-00,2-60,Q,Bite Croc,matched,resolved,1.0,0.5,0.6,46.333333333333336,58.0,24.933333333333337,37.0,0.3666666666666667,0.5,1.0,1.0,1,LOW_04,5500,36.345454545454544,1999.0
Rucua,BX-00 CoroCoro Croc Crunch 2-60Q Metal Coat: Green,Other,Takara Tomy,1999.0,MXN,InStock,1,1,1,0,0,1,0,0,"BEYBLADE X es un gear sport que presenta batallas extremas con increíble velocidad e impacto gracias a su truco de superaceleración, X-Dash.
Contenido del producto: Blade (1), Ratchet (1), Bit (1).",https://rucua.com/products/bx-00-corocoro-croc-crunch-2-60q-metal-coat-green,2026-09-21,rucua_bx-00-corocoro-croc-crunch-2-60q-metal-coat-green,BX-00,2-60,Q,Bite Croc,matched,resolved,1.0,0.5,0.6,46.333333333333336,58.0,24.933333333333337,37.0,0.3666666666666667,0.5,1.0,1.0,1,LOW_05,6000,33.31666666666667,1999.0
Rucua,BX-00 CoroCoro Croc Crunch 2-60Q Metal Coat: Green,Other,Takara Tomy,1999.0,MXN,InStock,1,1,1,0,0,1,0,0,"BEYBLADE X es un gear sport que presenta batallas extremas con increíble velocidad e impacto gracias a su truco de superaceleración, X-Dash.
Contenido del producto: Blade (1), Ratchet (1), Bit (1).",https://rucua.com/products/bx-00-corocoro-croc-crunch-2-60q-metal-coat-green,2026-09-21,rucua_bx-00-corocoro-croc-crunch-2-60q-metal-coat-green,BX-00,2-60,Q,Bite Croc,matched,resolved,1.0,0.5,0.6,46.333333333333336,58.0,24.933333333333337,37.0,0.3666666666666667,0.5,1.0,1.0,1,LOW_06,6500,30.753846153846155,1999.0
Rucua,BX-00 CoroCoro Croc Crunch 2-60Q Metal Coat: Green,Other,Takara Tomy,1999.0,MXN,InStock,1,1,1,0,0,1,0,0,"BEYBLADE X es un gear sport que presenta batallas extremas con increíble velocidad e impacto gracias a su truco de superaceleración, X-Dash.
Contenido del producto: Blade (1), Ratchet (1), Bit (1).",https://rucua.com/products/bx-00-corocoro-croc-crunch-2-60q-metal-coat-green,2026-09-21,rucua_bx-00-corocoro-croc-crunch-2-60q-metal-coat-green,BX-00,2-60,Q,Bite Croc,matched,resolved,1.0,0.5,0.6,46.333333333333336,58.0,24.933333333333337,37.0,0.3666666666666667,0.5,1.0,1.0,1,LOW_07,7000,28.557142857142857,1999.0
Rucua,BX-00 CoroCoro Croc Crunch 2-60Q Metal Coat: Green,Other,Takara Tomy,1999.0,MXN,InStock,1,1,1,0,0,1,0,0,"BEYBLADE X es un gear sport que presenta batallas extremas con increíble velocidad e impacto gracias a su truco de superaceleración, X-Dash.
Contenido del producto: Blade (1), Ratchet (1), Bit (1).",https://rucua.com/products/bx-00-corocoro-croc-crunch-2-60q-metal-coat-green,2026-09-21,rucua_bx-00-corocoro-croc-crunch-2-60q-metal-coat-green,BX-00,2-60,Q,Bite Croc,matched,resolved,1.0,0.5,0.6,46.333333333333336,58.0,24.933333333333337,37.0,0.3666666666666667,0.5,1.0,1.0,1,LOW_08,7500,26.653333333333336,1999.0
Rucua,BX-00 CoroCoro Croc Crunch 2-60Q Metal Coat: Green,Other,Takara Tomy,1999.0,MXN,InStock,1,1,1,0,0,1,0,0,"BEYBLADE X es un gear sport que presenta batallas extremas con increíble velocidad e impacto gracias a su truco de superaceleración, X-Dash.
Contenido del producto: Blade (1), Ratchet (1), Bit (1).",https://rucua.com/products/bx-00-corocoro-croc-crunch-2-60q-metal-coat-green,2026-09-21,rucua_bx-00-corocoro-croc-crunch-2-60q-metal-coat-green,BX-00,2-60,Q,Bite Croc,matched,resolved,1.0,0.5,0.6,46.333333333333336,58.0,24.933333333333337,37.0,0.3666666666666667,0.5,1.0,1.0,1,LOW_09,8000,24.9875,1999.0
Rucua,BX-00 CoroCoro Croc Crunch 2-60Q Metal Coat: Green,Other,Takara Tomy,1999.0,MXN,InStock,1,1,1,0,0,1,0,0,"BEYBLADE X es un gear sport que presenta batallas extremas con increíble velocidad e impacto gracias a su truco de superaceleración, X-Dash.
Contenido del producto: Blade (1), Ratchet (1), Bit (1).",https://rucua.com/products/bx-00-corocoro-croc-crunch-2-60q-metal-coat-green,2026-09-21,rucua_bx-00-corocoro-croc-crunch-2-60q-metal-coat-green,BX-00,2-60,Q,Bite Croc,matched,resolved,1.0,0.5,0.6,46.333333333333336,58.0,24.933333333333337,37.0,0.3666666666666667,0.5,1.0,1.0,1,LOW_10,8500,23.517647058823528,1999.0
Rucua,BX-00 CoroCoro Croc Crunch 2-60Q Metal Coat: Green,Other,Takara Tomy,1999.0,MXN,InStock,1,1,1,0,0,1,0,0,"BEYBLADE X es un gear sport que presenta batallas extremas con increíble velocidad e impacto gracias a su truco de superaceleración, X-Dash.
Contenido del producto: Blade (1), Ratchet (1), Bit (1).",https://rucua.com/products/bx-00-corocoro-croc-crunch-2-60q-metal-coat-green,2026-09-21,rucua_bx-00-corocoro-croc-crunch-2-60q-metal-coat-green,BX-00,2-60,Q,Bite Croc,matched,resolved,1.0,0.5,0.6,46.333333333333336,58.0,24.933333333333337,37.0,0.3666666666666667,0.5,1.0,1.0,1,LOW_11,8999,22.213579286587397,1999.0
Rucua,BX-00 CoroCoro Hells Scythe 3-80F 3 in 1,Other,Takara Tomy,2799.0,MXN,InStock,1,1,1,0,0,1,0,0,"BEYBLADE X es un gear sport que presenta batallas extremas con increíble velocidad e impacto gracias a su truco de superaceleración, X-Dash.
Contenido del producto: Blade (1), Ratchet (1), Bit (1), Beycode (1), manual de instrucciones (1).",https://rucua.com/products/bx-00-corocoro-hells-scythe-3-80f-3-in-1,2026-09-21,rucua_bx-00-corocoro-hells-scythe-3-80f-3-in-1,BX-00,3-80,F,Hells Scythe,matched,resolved,1.0,2.566666666666667,3.2,248.66666666666666,313.0,27.233333333333334,32.7,2.066666666666667,2.8,1.0,1.0,1,LOW_01,4001,69.95751062234442,2799.0
Rucua,BX-00 CoroCoro Hells Scythe 3-80F 3 in 1,Other,Takara Tomy,2799.0,MXN,InStock,1,1,1,0,0,1,0,0,"BEYBLADE X es un gear sport que presenta batallas extremas con increíble velocidad e impacto gracias a su truco de superaceleración, X-Dash.
Contenido del producto: Blade (1), Ratchet (1), Bit (1), Beycode (1), manual de instrucciones (1).",https://rucua.com/products/bx-00-corocoro-hells-scythe-3-80f-3-in-1,2026-09-21,rucua_bx-00-corocoro-hells-scythe-3-80f-3-in-1,BX-00,3-80,F,Hells Scythe,matched,resolved,1.0,2.566666666666667,3.2,248.66666666666666,313.0,27.233333333333334,32.7,2.066666666666667,2.8,1.0,1.0,1,LOW_02,4500,62.2,2799.0
Rucua,BX-00 CoroCoro Hells Scythe 3-80F 3 in 1,Other,Takara Tomy,2799.0,MXN,InStock,1,1,1,0,0,1,0,0,"BEYBLADE X es un gear sport que presenta batallas extremas con increíble velocidad e impacto gracias a su truco de superaceleración, X-Dash.
Contenido del producto: Blade (1), Ratchet (1), Bit (1), Beycode (1), manual de instrucciones (1).",https://rucua.com/products/bx-00-corocoro-hells-scythe-3-80f-3-in-1,2026-09-21,rucua_bx-00-corocoro-hells-scythe-3-80f-3-in-1,BX-00,3-80,F,Hells Scythe,matched,resolved,1.0,2.566666666666667,3.2,248.66666666666666,313.0,27.233333333333334,32.7,2.066666666666667,2.8,1.0,1.0,1,LOW_03,5000,55.98,2799.0
Rucua,BX-00 CoroCoro Hells Scythe 3-80F 3 in 1,Other,Takara Tomy,2799.0,MXN,InStock,1,1,1,0,0,1,0,0,"BEYBLADE X es un gear sport que presenta batallas extremas con increíble velocidad e impacto gracias a su truco de superaceleración, X-Dash.
Contenido del producto: Blade (1), Ratchet (1), Bit (1), Beycode (1), manual de instrucciones (1).",https://rucua.com/products/bx-00-corocoro-hells-scythe-3-80f-3-in-1,2026-09-21,rucua_bx-00-corocoro-hells-scythe-3-80f-3-in-1,BX-00,3-80,F,Hells Scythe,matched,resolved,1.0,2.566666666666667,3.2,248.66666666666666,313.0,27.233333333333334,32.7,2.066666666666667,2.8,1.0,1.0,1,LOW_04,5500,50.89090909090908,2799.0
Rucua,BX-00 CoroCoro Hells Scythe 3-80F 3 in 1,Other,Takara Tomy,2799.0,MXN,InStock,1,1,1,0,0,1,0,0,"BEYBLADE X es un gear sport que presenta batallas extremas con increíble velocidad e impacto gracias a su truco de superaceleración, X-Dash.
Contenido del producto: Blade (1), Ratchet (1), Bit (1), Beycode (1), manual de instrucciones (1).",https://rucua.com/products/bx-00-corocoro-hells-scythe-3-80f-3-in-1,2026-09-21,rucua_bx-00-corocoro-hells-scythe-3-80f-3-in-1,BX-00,3-80,F,Hells Scythe,matched,resolved,1.0,2.566666666666667,3.2,248.66666666666666,313.0,27.233333333333334,32.7,2.066666666666667,2.8,1.0,1.0,1,LOW_05,6000,46.650000000000006,2799.0
Rucua,BX-00 CoroCoro Hells Scythe 3-80F 3 in 1,Other,Takara Tomy,2799.0,MXN,InStock,1,1,1,0,0,1,0,0,"BEYBLADE X es un gear sport que presenta batallas extremas con increíble velocidad e impacto gracias a su truco de superaceleración, X-Dash.
Contenido del producto: Blade (1), Ratchet (1), Bit (1), Beycode (1), manual de instrucciones (1).",https://rucua.com/products/bx-00-corocoro-hells-scythe-3-80f-3-in-1,2026-09-21,rucua_bx-00-corocoro-hells-scythe-3-80f-3-in-1,BX-00,3-80,F,Hells Scythe,matched,resolved,1.0,2.566666666666667,3.2,248.66666666666666,313.0,27.233333333333334,32.7,2.066666666666667,2.8,1.0,1.0,1,LOW_06,6500,43.06153846153846,2799.0
Rucua,BX-00 CoroCoro Hells Scythe 3-80F 3 in 1,Other,Takara Tomy,2799.0,MXN,InStock,1,1,1,0,0,1,0,0,"BEYBLADE X es un gear sport que presenta batallas extremas con increíble velocidad e impacto gracias a su truco de superaceleración, X-Dash.
Contenido del producto: Blade (1), Ratchet (1), Bit (1), Beycode (1), manual de instrucciones (1).",https://rucua.com/products/bx-00-corocoro-hells-scythe-3-80f-3-in-1,2026-09-21,rucua_bx-00-corocoro-hells-scythe-3-80f-3-in-1,BX-00,3-80,F,Hells Scythe,matched,resolved,1.0,2.566666666666667,3.2,248.66666666666666,313.0,27.233333333333334,32.7,2.066666666666667,2.8,1.0,1.0,1,LOW_07,7000,39.98571428571429,2799.0
Rucua,BX-00 CoroCoro Hells Scythe 3-80F 3 in 1,Other,Takara Tomy,2799.0,MXN,InStock,1,1,1,0,0,1,0,0,"BEYBLADE X es un gear sport que presenta batallas extremas con increíble velocidad e impacto gracias a su truco de superaceleración, X-Dash.
Contenido del producto: Blade (1), Ratchet (1), Bit (1), Beycode (1), manual de instrucciones (1).",https://rucua.com/products/bx-00-corocoro-hells-scythe-3-80f-3-in-1,2026-09-21,rucua_bx-00-corocoro-hells-scythe-3-80f-3-in-1,BX-00,3-80,F,Hells Scythe,matched,resolved,1.0,2.566666666666667,3.2,248.66666666666666,313.0,27.233333333333334,32.7,2.066666666666667,2.8,1.0,1.0,1,LOW_08,7500,37.32,2799.0
Rucua,BX-00 CoroCoro Hells Scythe 3-80F 3 in 1,Other,Takara Tomy,2799.0,MXN,InStock,1,1,1,0,0,1,0,0,"BEYBLADE X es un gear sport que presenta batallas extremas con increíble velocidad e impacto gracias a su truco de superaceleración, X-Dash.
Contenido del producto: Blade (1), Ratchet (1), Bit (1), Beycode (1), manual de instrucciones (1).",https://rucua.com/products/bx-00-corocoro-hells-scythe-3-80f-3-in-1,2026-09-21,rucua_bx-00-corocoro-hells-scythe-3-80f-3-in-1,BX-00,3-80,F,Hells Scythe,matched,resolved,1.0,2.566666666666667,3.2,248.66666666666666,313.0,27.233333333333334,32.7,2.066666666666667,2.8,1.0,1.0,1,LOW_09,8000,34.9875,2799.0
Rucua,BX-00 CoroCoro Hells Scythe 3-80F 3 in 1,Other,Takara Tomy,2799.0,MXN,InStock,1,1,1,0,0,1,0,0,"BEYBLADE X es un gear sport que presenta batallas extremas con increíble velocidad e impacto gracias a su truco de superaceleración, X-Dash.
Contenido del producto: Blade (1), Ratchet (1), Bit (1), Beycode (1), manual de instrucciones (1).",https://rucua.com/products/bx-00-corocoro-hells-scythe-3-80f-3-in-1,2026-09-21,rucua_bx-00-corocoro-hells-scythe-3-80f-3-in-1,BX-00,3-80,F,Hells Scythe,matched,resolved,1.0,2.566666666666667,3.2,248.66666666666666,313.0,27.233333333333334,32.7,2.066666666666667,2.8,1.0,1.0,1,LOW_10,8500,32.92941176470588,2799.0
Rucua,BX-00 CoroCoro Hells Scythe 3-80F 3 in 1,Other,Takara Tomy,2799.0,MXN,InStock,1,1,1,0,0,1,0,0,"BEYBLADE X es un gear sport que presenta batallas extremas con increíble velocidad e impacto gracias a su truco de superaceleración, X-Dash.
Contenido del producto: Blade (1), Ratchet (1), Bit (1), Beycode (1), manual de instrucciones (1).",https://rucua.com/products/bx-00-corocoro-hells-scythe-3-80f-3-in-1,2026-09-21,rucua_bx-00-corocoro-hells-scythe-3-80f-3-in-1,BX-00,3-80,F,Hells Scythe,matched,resolved,1.0,2.566666666666667,3.2,248.66666666666666,313.0,27.233333333333334,32.7,2.066666666666667,2.8,1.0,1.0,1,LOW_11,8999,31.10345593954884,2799.0
Rucua,BX-00 CoroCoro Phoenix Wing 9-80DB Metal Coat: Navy,Other,Takara Tomy,6599.0,MXN,OutOfStock,1,1,1,0,0,1,0,0,"BEYBLADE X es un gear sport que presenta batallas extremas con increíble velocidad e impacto gracias a su truco de superaceleración, X-Dash.
Contenido del producto: Blade (1), Ratchet (1), Bit (1).",https://rucua.com/products/bx-00-corocoro-phoenix-wing-9-80db-metal-coat-navy,2026-09-21,rucua_bx-00-corocoro-phoenix-wing-9-80db-metal-coat-navy,BX-00,9-80,DB,Phoenix Wing,matched,resolved,1.0,10.466666666666667,29.1,1012.6666666666666,2815.0,31.53333333333333,34.4,10.1,28.3,1.0,1.0,0,LOW_01,4001,164.93376655836042,6599.0
Rucua,BX-00 CoroCoro Phoenix Wing 9-80DB Metal Coat: Navy,Other,Takara Tomy,6599.0,MXN,OutOfStock,1,1,1,0,0,1,0,0,"BEYBLADE X es un gear sport que presenta batallas extremas con increíble velocidad e impacto gracias a su truco de superaceleración, X-Dash.
Contenido del producto: Blade (1), Ratchet (1), Bit (1).",https://rucua.com/products/bx-00-corocoro-phoenix-wing-9-80db-metal-coat-navy,2026-09-21,rucua_bx-00-corocoro-phoenix-wing-9-80db-metal-coat-navy,BX-00,9-80,DB,Phoenix Wing,matched,resolved,1.0,10.466666666666667,29.1,1012.6666666666666,2815.0,31.53333333333333,34.4,10.1,28.3,1.0,1.0,0,LOW_02,4500,146.64444444444445,6599.0
Rucua,BX-00 CoroCoro Phoenix Wing 9-80DB Metal Coat: Navy,Other,Takara Tomy,6599.0,MXN,OutOfStock,1,1,1,0,0,1,0,0,"BEYBLADE X es un gear sport que presenta batallas extremas con increíble velocidad e impacto gracias a su truco de superaceleración, X-Dash.
Contenido del producto: Blade (1), Ratchet (1), Bit (1).",https://rucua.com/products/bx-00-corocoro-phoenix-wing-9-80db-metal-coat-navy,2026-09-21,rucua_bx-00-corocoro-phoenix-wing-9-80db-metal-coat-navy,BX-00,9-80,DB,Phoenix Wing,matched,resolved,1.0,10.466666666666667,29.1,1012.6666666666666,2815.0,31.53333333333333,34.4,10.1,28.3,1.0,1.0,0,LOW_03,5000,131.98000000000002,6599.0
Rucua,BX-00 CoroCoro Phoenix Wing 9-80DB Metal Coat: Navy,Other,Takara Tomy,6599.0,MXN,OutOfStock,1,1,1,0,0,1,0,0,"BEYBLADE X es un gear sport que presenta batallas extremas con increíble velocidad e impacto gracias a su truco de superaceleración, X-Dash.
Contenido del producto: Blade (1), Ratchet (1), Bit (1).",https://rucua.com/products/bx-00-corocoro-phoenix-wing-9-80db-metal-coat-navy,2026-09-21,rucua_bx-00-corocoro-phoenix-wing-9-80db-metal-coat-navy,BX-00,9-80,DB,Phoenix Wing,matched,resolved,1.0,10.466666666666667,29.1,1012.6666666666666,2815.0,31.53333333333333,34.4,10.1,28.3,1.0,1.0,0,LOW_04,5500,119.98181818181818,6599.0
Rucua,BX-00 CoroCoro Phoenix Wing 9-80DB Metal Coat: Navy,Other,Takara Tomy,6599.0,MXN,OutOfStock,1,1,1,0,0,1,0,0,"BEYBLADE X es un gear sport que presenta batallas extremas con increíble velocidad e impacto gracias a su truco de superaceleración, X-Dash.
Contenido del producto: Blade (1), Ratchet (1), Bit (1).",https://rucua.com/products/bx-00-corocoro-phoenix-wing-9-80db-metal-coat-navy,2026-09-21,rucua_bx-00-corocoro-phoenix-wing-9-80db-metal-coat-navy,BX-00,9-80,DB,Phoenix Wing,matched,resolved,1.0,10.466666666666667,29.1,1012.6666666666666,2815.0,31.53333333333333,34.4,10.1,28.3,1.0,1.0,0,LOW_05,6000,109.98333333333335,6599.0
Rucua,BX-00 CoroCoro Phoenix Wing 9-80DB Metal Coat: Navy,Other,Takara Tomy,6599.0,MXN,OutOfStock,1,1,1,0,0,1,0,0,"BEYBLADE X es un gear sport que presenta batallas extremas con increíble velocidad e impacto gracias a su truco de superaceleración, X-Dash.
Contenido del producto: Blade (1), Ratchet (1), Bit (1).",https://rucua.com/products/bx-00-corocoro-phoenix-wing-9-80db-metal-coat-navy,2026-09-21,rucua_bx-00-corocoro-phoenix-wing-9-80db-metal-coat-navy,BX-00,9-80,DB,Phoenix Wing,matched,resolved,1.0,10.466666666666667,29.1,1012.6666666666666,2815.0,31.53333333333333,34.4,10.1,28.3,1.0,1.0,0,LOW_06,6500,101.52307692307691,6599.0
Rucua,BX-00 CoroCoro Phoenix Wing 9-80DB Metal Coat: Navy,Other,Takara Tomy,6599.0,MXN,OutOfStock,1,1,1,0,0,1,0,0,"BEYBLADE X es un gear sport que presenta batallas extremas con increíble velocidad e impacto gracias a su truco de superaceleración, X-Dash.
Contenido del producto: Blade (1), Ratchet (1), Bit (1).",https://rucua.com/products/bx-00-corocoro-phoenix-wing-9-80db-metal-coat-navy,2026-09-21,rucua_bx-00-corocoro-phoenix-wing-9-80db-metal-coat-navy,BX-00,9-80,DB,Phoenix Wing,matched,resolved,1.0,10.466666666666667,29.1,1012.6666666666666,2815.0,31.53333333333333,34.4,10.1,28.3,1.0,1.0,0,LOW_07,7000,94.27142857142857,6599.0
Rucua,BX-00 CoroCoro Phoenix Wing 9-80DB Metal Coat: Navy,Other,Takara Tomy,6599.0,MXN,OutOfStock,1,1,1,0,0,1,0,0,"BEYBLADE X es un gear sport que presenta batallas extremas con increíble velocidad e impacto gracias a su truco de superaceleración, X-Dash.
Contenido del producto: Blade (1), Ratchet (1), Bit (1).",https://rucua.com/products/bx-00-corocoro-phoenix-wing-9-80db-metal-coat-navy,2026-09-21,rucua_bx-00-corocoro-phoenix-wing-9-80db-metal-coat-navy,BX-00,9-80,DB,Phoenix Wing,matched,resolved,1.0,10.466666666666667,29.1,1012.6666666666666,2815.0,31.53333333333333,34.4,10.1,28.3,1.0,1.0,0,LOW_08,7500,87.98666666666666,6599.0
Rucua,BX-00 CoroCoro Phoenix Wing 9-80DB Metal Coat: Navy,Other,Takara Tomy,6599.0,MXN,OutOfStock,1,1,1,0,0,1,0,0,"BEYBLADE X es un gear sport que presenta batallas extremas con increíble velocidad e impacto gracias a su truco de superaceleración, X-Dash.
Contenido del producto: Blade (1), Ratchet (1), Bit (1).",https://rucua.com/products/bx-00-corocoro-phoenix-wing-9-80db-metal-coat-navy,2026-09-21,rucua_bx-00-corocoro-phoenix-wing-9-80db-metal-coat-navy,BX-00,9-80,DB,Phoenix Wing,matched,resolved,1.0,10.466666666666667,29.1,1012.6666666666666,2815.0,31.53333333333333,34.4,10.1,28.3,1.0,1.0,0,LOW_09,8000,82.4875,6599.0
Rucua,BX-00 CoroCoro Phoenix Wing 9-80DB Metal Coat: Navy,Other,Takara Tomy,6599.0,MXN,OutOfStock,1,1,1,0,0,1,0,0,"BEYBLADE X es un gear sport que presenta batallas extremas con increíble velocidad e impacto gracias a su truco de superaceleración, X-Dash.
Contenido del producto: Blade (1), Ratchet (1), Bit (1).",https://rucua.com/products/bx-00-corocoro-phoenix-wing-9-80db-metal-coat-navy,2026-09-21,rucua_bx-00-corocoro-phoenix-wing-9-80db-metal-coat-navy,BX-00,9-80,DB,Phoenix Wing,matched,resolved,1.0,10.466666666666667,29.1,1012.6666666666666,2815.0,31.53333333333333,34.4,10.1,28.3,1.0,1.0,0,LOW_10,8500,77.63529411764706,6599.0
Rucua,BX-00 CoroCoro Phoenix Wing 9-80DB Metal Coat: Navy,Other,Takara Tomy,6599.0,MXN,OutOfStock,1,1,1,0,0,1,0,0,"BEYBLADE X es un gear sport que presenta batallas extremas con increíble velocidad e impacto gracias a su truco de superaceleración, X-Dash.
Contenido del producto: Blade (1), Ratchet (1), Bit (1).",https://rucua.com/products/bx-00-corocoro-phoenix-wing-9-80db-metal-coat-navy,2026-09-21,rucua_bx-00-corocoro-phoenix-wing-9-80db-metal-coat-navy,BX-00,9-80,DB,Phoenix Wing,matched,resolved,1.0,10.466666666666667,29.1,1012.6666666666666,2815.0,31.53333333333333,34.4,10.1,28.3,1.0,1.0,0,LOW_11,8999,73.33037004111567,6599.0
Rucua,BX-00 CoroCoro Starter Cobalt Dragoon 2-60C Metal Coat: Black,Starter,Takara Tomy,1999.0,MXN,InStock,1,1,1,1,0,1,1,0,"BEYBLADE X es un gear sport que presenta batallas extremas con increíble velocidad e impacto gracias a su truco de superaceleración, X-Dash.
Contenido del producto: Blade (1), Ratchet (1), Bit (1), lanzador de cuerda (1), Beycode (1), manual de instrucciones (1).",https://rucua.com/products/bx-00-corocoro-starter-cobalt-dragoon-2-60c-metal-coat-black,2026-09-21,rucua_bx-00-corocoro-starter-cobalt-dragoon-2-60c-metal-coat-black,BX-00,2-60,C,Cobalt Dragoon,matched,resolved,1.0,8.4,23.6,811.6666666666666,2277.0,26.599999999999998,34.1,8.266666666666667,23.6,1.0,1.0,1,LOW_01,4001,49.96250937265684,1999.0
Rucua,BX-00 CoroCoro Starter Cobalt Dragoon 2-60C Metal Coat: Black,Starter,Takara Tomy,1999.0,MXN,InStock,1,1,1,1,0,1,1,0,"BEYBLADE X es un gear sport que presenta batallas extremas con increíble velocidad e impacto gracias a su truco de superaceleración, X-Dash.
Contenido del producto: Blade (1), Ratchet (1), Bit (1), lanzador de cuerda (1), Beycode (1), manual de instrucciones (1).",https://rucua.com/products/bx-00-corocoro-starter-cobalt-dragoon-2-60c-metal-coat-black,2026-09-21,rucua_bx-00-corocoro-starter-cobalt-dragoon-2-60c-metal-coat-black,BX-00,2-60,C,Cobalt Dragoon,matched,resolved,1.0,8.4,23.6,811.6666666666666,2277.0,26.599999999999998,34.1,8.266666666666667,23.6,1.0,1.0,1,LOW_02,4500,44.422222222222224,1999.0
Rucua,BX-00 CoroCoro Starter Cobalt Dragoon 2-60C Metal Coat: Black,Starter,Takara Tomy,1999.0,MXN,InStock,1,1,1,1,0,1,1,0,"BEYBLADE X es un gear sport que presenta batallas extremas con increíble velocidad e impacto gracias a su truco de superaceleración, X-Dash.
Contenido del producto: Blade (1), Ratchet (1), Bit (1), lanzador de cuerda (1), Beycode (1), manual de instrucciones (1).",https://rucua.com/products/bx-00-corocoro-starter-cobalt-dragoon-2-60c-metal-coat-black,2026-09-21,rucua_bx-00-corocoro-starter-cobalt-dragoon-2-60c-metal-coat-black,BX-00,2-60,C,Cobalt Dragoon,matched,resolved,1.0,8.4,23.6,811.6666666666666,2277.0,26.599999999999998,34.1,8.266666666666667,23.6,1.0,1.0,1,LOW_03,5000,39.98,1999.0
Rucua,BX-00 CoroCoro Starter Cobalt Dragoon 2-60C Metal Coat: Black,Starter,Takara Tomy,1999.0,MXN,InStock,1,1,1,1,0,1,1,0,"BEYBLADE X es un gear sport que presenta batallas extremas con increíble velocidad e impacto gracias a su truco de superaceleración, X-Dash.
Contenido del producto: Blade (1), Ratchet (1), Bit (1), lanzador de cuerda (1), Beycode (1), manual de instrucciones (1).",https://rucua.com/products/bx-00-corocoro-starter-cobalt-dragoon-2-60c-metal-coat-black,2026-09-21,rucua_bx-00-corocoro-starter-cobalt-dragoon-2-60c-metal-coat-black,BX-00,2-60,C,Cobalt Dragoon,matched,resolved,1.0,8.4,23.6,811.6666666666666,2277.0,26.599999999999998,34.1,8.266666666666667,23.6,1.0,1.0,1,LOW_04,5500,36.345454545454544,1999.0
Rucua,BX-00 CoroCoro Starter Cobalt Dragoon 2-60C Metal Coat: Black,Starter,Takara Tomy,1999.0,MXN,InStock,1,1,1,1,0,1,1,0,"BEYBLADE X es un gear sport que presenta batallas extremas con increíble velocidad e impacto gracias a su truco de superaceleración, X-Dash.
Contenido del producto: Blade (1), Ratchet (1), Bit (1), lanzador de cuerda (1), Beycode (1), manual de instrucciones (1).",https://rucua.com/products/bx-00-corocoro-starter-cobalt-dragoon-2-60c-metal-coat-black,2026-09-21,rucua_bx-00-corocoro-starter-cobalt-dragoon-2-60c-metal-coat-black,BX-00,2-60,C,Cobalt Dragoon,matched,resolved,1.0,8.4,23.6,811.6666666666666,2277.0,26.599999999999998,34.1,8.266666666666667,23.6,1.0,1.0,1,LOW_05,6000,33.31666666666667,1999.0
Rucua,BX-00 CoroCoro Starter Cobalt Dragoon 2-60C Metal Coat: Black,Starter,Takara Tomy,1999.0,MXN,InStock,1,1,1,1,0,1,1,0,"BEYBLADE X es un gear sport que presenta batallas extremas con increíble velocidad e impacto gracias a su truco de superaceleración, X-Dash.
Contenido del producto: Blade (1), Ratchet (1), Bit (1), lanzador de cuerda (1), Beycode (1), manual de instrucciones (1).",https://rucua.com/products/bx-00-corocoro-starter-cobalt-dragoon-2-60c-metal-coat-black,2026-09-21,rucua_bx-00-corocoro-starter-cobalt-dragoon-2-60c-metal-coat-black,BX-00,2-60,C,Cobalt Dragoon,matched,resolved,1.0,8.4,23.6,811.6666666666666,2277.0,26.599999999999998,34.1,8.266666666666667,23.6,1.0,1.0,1,LOW_06,6500,30.753846153846155,1999.0
Rucua,BX-00 CoroCoro Starter Cobalt Dragoon 2-60C Metal Coat: Black,Starter,Takara Tomy,1999.0,MXN,InStock,1,1,1,1,0,1,1,0,"BEYBLADE X es un gear sport que presenta batallas extremas con increíble velocidad e impacto gracias a su truco de superaceleración, X-Dash.
Contenido del producto: Blade (1), Ratchet (1), Bit (1), lanzador de cuerda (1), Beycode (1), manual de instrucciones (1).",https://rucua.com/products/bx-00-corocoro-starter-cobalt-dragoon-2-60c-metal-coat-black,2026-09-21,rucua_bx-00-corocoro-starter-cobalt-dragoon-2-60c-metal-coat-black,BX-00,2-60,C,Cobalt Dragoon,matched,resolved,1.0,8.4,23.6,811.6666666666666,2277.0,26.599999999999998,34.1,8.266666666666667,23.6,1.0,1.0,1,LOW_07,7000,28.557142857142857,1999.0
Rucua,BX-00 CoroCoro Starter Cobalt Dragoon 2-60C Metal Coat: Black,Starter,Takara Tomy,1999.0,MXN,InStock,1,1,1,1,0,1,1,0,"BEYBLADE X es un gear sport que presenta batallas extremas con increíble velocidad e impacto gracias a su truco de superaceleración, X-Dash.
Contenido del producto: Blade (1), Ratchet (1), Bit (1), lanzador de cuerda (1), Beycode (1), manual de instrucciones (1).",https://rucua.com/products/bx-00-corocoro-starter-cobalt-dragoon-2-60c-metal-coat-black,2026-09-21,rucua_bx-00-corocoro-starter-cobalt-dragoon-2-60c-metal-coat-black,BX-00,2-60,C,Cobalt Dragoon,matched,resolved,1.0,8.4,23.6,811.6666666666666,2277.0,26.599999999999998,34.1,8.266666666666667,23.6,1.0,1.0,1,LOW_08,7500,26.653333333333336,1999.0
Rucua,BX-00 CoroCoro Starter Cobalt Dragoon 2-60C Metal Coat: Black,Starter,Takara Tomy,1999.0,MXN,InStock,1,1,1,1,0,1,1,0,"BEYBLADE X es un gear sport que presenta batallas extremas con increíble velocidad e impacto gracias a su truco de superaceleración, X-Dash.
Contenido del producto: Blade (1), Ratchet (1), Bit (1), lanzador de cuerda (1), Beycode (1), manual de instrucciones (1).",https://rucua.com/products/bx-00-corocoro-starter-cobalt-dragoon-2-60c-metal-coat-black,2026-09-21,rucua_bx-00-corocoro-starter-cobalt-dragoon-2-60c-metal-coat-black,BX-00,2-60,C,Cobalt Dragoon,matched,resolved,1.0,8.4,23.6,811.6666666666666,2277.0,26.599999999999998,34.1,8.266666666666667,23.6,1.0,1.0,1,LOW_09,8000,24.9875,1999.0
Rucua,BX-00 CoroCoro Starter Cobalt Dragoon 2-60C Metal Coat: Black,Starter,Takara Tomy,1999.0,MXN,InStock,1,1,1,1,0,1,1,0,"BEYBLADE X es un gear sport que presenta batallas extremas con increíble velocidad e impacto gracias a su truco de superaceleración, X-Dash.
Contenido del producto: Blade (1), Ratchet (1), Bit (1), lanzador de cuerda (1), Beycode (1), manual de instrucciones (1).",https://rucua.com/products/bx-00-corocoro-starter-cobalt-dragoon-2-60c-metal-coat-black,2026-09-21,rucua_bx-00-corocoro-starter-cobalt-dragoon-2-60c-metal-coat-black,BX-00,2-60,C,Cobalt Dragoon,matched,resolved,1.0,8.4,23.6,811.6666666666666,2277.0,26.599999999999998,34.1,8.266666666666667,23.6,1.0,1.0,1,LOW_10,8500,23.517647058823528,1999.0
Rucua,BX-00 CoroCoro Starter Cobalt Dragoon 2-60C Metal Coat: Black,Starter,Takara Tomy,1999.0,MXN,InStock,1,1,1,1,0,1,1,0,"BEYBLADE X es un gear sport que presenta batallas extremas con increíble velocidad e impacto gracias a su truco de superaceleración, X-Dash.
Contenido del producto: Blade (1), Ratchet (1), Bit (1), lanzador de cuerda (1), Beycode (1), manual de instrucciones (1).",https://rucua.com/products/bx-00-corocoro-starter-cobalt-dragoon-2-60c-metal-coat-black,2026-09-21,rucua_bx-00-corocoro-starter-cobalt-dragoon-2-60c-metal-coat-black,BX-00,2-60,C,Cobalt Dragoon,matched,resolved,1.0,8.4,23.6,811.6666666666666,2277.0,26.599999999999998,34.1,8.266666666666667,23.6,1.0,1.0,1,LOW_11,8999,22.213579286587397,1999.0
Rucua,BX-00 Starter Dran Sword 1-60V Metal Coat: Black J.League Ver.,Starter,Takara Tomy,1999.0,MXN,OutOfStock,1,1,1,1,0,1,1,0,"BEYBLADE X es un gear sport que presenta batallas extremas con increíble velocidad e impacto gracias a su truco de superaceleración, X-Dash.
Contenido del producto: Blade (1), Ratchet (1), Bit (1), lanzador de jareta (1), jareta (1), planilla de stickers (1), Beycode (1), manual de instrucciones (1).",https://rucua.com/products/bx-00-dran-sword-1-60v-metal-coat-black-j-league-ver,2026-09-21,rucua_bx-00-dran-sword-1-60v-metal-coat-black-j-league-ver,BX-00,1-60,V,Dran Sword,matched,resolved,1.0,25.866666666666664,75.5,2498.0,7289.0,31.666666666666668,35.1,26.433333333333334,77.5,1.0,1.0,0,LOW_01,4001,49.96250937265684,1999.0
Rucua,BX-00 Starter Dran Sword 1-60V Metal Coat: Black J.League Ver.,Starter,Takara Tomy,1999.0,MXN,OutOfStock,1,1,1,1,0,1,1,0,"BEYBLADE X es un gear sport que presenta batallas extremas con increíble velocidad e impacto gracias a su truco de superaceleración, X-Dash.
Contenido del producto: Blade (1), Ratchet (1), Bit (1), lanzador de jareta (1), jareta (1), planilla de stickers (1), Beycode (1), manual de instrucciones (1).",https://rucua.com/products/bx-00-dran-sword-1-60v-metal-coat-black-j-league-ver,2026-09-21,rucua_bx-00-dran-sword-1-60v-metal-coat-black-j-league-ver,BX-00,1-60,V,Dran Sword,matched,resolved,1.0,25.866666666666664,75.5,2498.0,7289.0,31.666666666666668,35.1,26.433333333333334,77.5,1.0,1.0,0,LOW_02,4500,44.422222222222224,1999.0
Rucua,BX-00 Starter Dran Sword 1-60V Metal Coat: Black J.League Ver.,Starter,Takara Tomy,1999.0,MXN,OutOfStock,1,1,1,1,0,1,1,0,"BEYBLADE X es un gear sport que presenta batallas extremas con increíble velocidad e impacto gracias a su truco de superaceleración, X-Dash.
Contenido del producto: Blade (1), Ratchet (1), Bit (1), lanzador de jareta (1), jareta (1), planilla de stickers (1), Beycode (1), manual de instrucciones (1).",https://rucua.com/products/bx-00-dran-sword-1-60v-metal-coat-black-j-league-ver,2026-09-21,rucua_bx-00-dran-sword-1-60v-metal-coat-black-j-league-ver,BX-00,1-60,V,Dran Sword,matched,resolved,1.0,25.866666666666664,75.5,2498.0,7289.0,31.666666666666668,35.1,26.433333333333334,77.5,1.0,1.0,0,LOW_03,5000,39.98,1999.0
Rucua,BX-00 Starter Dran Sword 1-60V Metal Coat: Black J.League Ver.,Starter,Takara Tomy,1999.0,MXN,OutOfStock,1,1,1,1,0,1,1,0,"BEYBLADE X es un gear sport que presenta batallas extremas con increíble velocidad e impacto gracias a su truco de superaceleración, X-Dash.
Contenido del producto: Blade (1), Ratchet (1), Bit (1), lanzador de jareta (1), jareta (1), planilla de stickers (1), Beycode (1), manual de instrucciones (1).",https://rucua.com/products/bx-00-dran-sword-1-60v-metal-coat-black-j-league-ver,2026-09-21,rucua_bx-00-dran-sword-1-60v-metal-coat-black-j-league-ver,BX-00,1-60,V,Dran Sword,matched,resolved,1.0,25.866666666666664,75.5,2498.0,7289.0,31.666666666666668,35.1,26.433333333333334,77.5,1.0,1.0,0,LOW_04,5500,36.345454545454544,1999.0
Rucua,BX-00 Starter Dran Sword 1-60V Metal Coat: Black J.League Ver.,Starter,Takara Tomy,1999.0,MXN,OutOfStock,1,1,1,1,0,1,1,0,"BEYBLADE X es un gear sport que presenta batallas extremas con increíble velocidad e impacto gracias a su truco de superaceleración, X-Dash.
Contenido del producto: Blade (1), Ratchet (1), Bit (1), lanzador de jareta (1), jareta (1), planilla de stickers (1), Beycode (1), manual de instrucciones (1).",https://rucua.com/products/bx-00-dran-sword-1-60v-metal-coat-black-j-league-ver,2026-09-21,rucua_bx-00-dran-sword-1-60v-metal-coat-black-j-league-ver,BX-00,1-60,V,Dran Sword,matched,resolved,1.0,25.866666666666664,75.5,2498.0,7289.0,31.666666666666668,35.1,26.433333333333334,77.5,1.0,1.0,0,LOW_05,6000,33.31666666666667,1999.0
Rucua,BX-00 Starter Dran Sword 1-60V Metal Coat: Black J.League Ver.,Starter,Takara Tomy,1999.0,MXN,OutOfStock,1,1,1,1,0,1,1,0,"BEYBLADE X es un gear sport que presenta batallas extremas con increíble velocidad e impacto gracias a su truco de superaceleración, X-Dash.
Contenido del producto: Blade (1), Ratchet (1), Bit (1), lanzador de jareta (1), jareta (1), planilla de stickers (1), Beycode (1), manual de instrucciones (1).",https://rucua.com/products/bx-00-dran-sword-1-60v-metal-coat-black-j-league-ver,2026-09-21,rucua_bx-00-dran-sword-1-60v-metal-coat-black-j-league-ver,BX-00,1-60,V,Dran Sword,matched,resolved,1.0,25.866666666666664,75.5,2498.0,7289.0,31.666666666666668,35.1,26.433333333333334,77.5,1.0,1.0,0,LOW_06,6500,30.753846153846155,1999.0
Rucua,BX-00 Starter Dran Sword 1-60V Metal Coat: Black J.League Ver.,Starter,Takara Tomy,1999.0,MXN,OutOfStock,1,1,1,1,0,1,1,0,"BEYBLADE X es un gear sport que presenta batallas extremas con increíble velocidad e impacto gracias a su truco de superaceleración, X-Dash.
Contenido del producto: Blade (1), Ratchet (1), Bit (1), lanzador de jareta (1), jareta (1), planilla de stickers (1), Beycode (1), manual de instrucciones (1).",https://rucua.com/products/bx-00-dran-sword-1-60v-metal-coat-black-j-league-ver,2026-09-21,rucua_bx-00-dran-sword-1-60v-metal-coat-black-j-league-ver,BX-00,1-60,V,Dran Sword,matched,resolved,1.0,25.866666666666664,75.5,2498.0,7289.0,31.666666666666668,35.1,26.433333333333334,77.5,1.0,1.0,0,LOW_07,7000,28.557142857142857,1999.0
Rucua,BX-00 Starter Dran Sword 1-60V Metal Coat: Black J.League Ver.,Starter,Takara Tomy,1999.0,MXN,OutOfStock,1,1,1,1,0,1,1,0,"BEYBLADE X es un gear sport que presenta batallas extremas con increíble velocidad e impacto gracias a su truco de superaceleración, X-Dash.
Contenido del producto: Blade (1), Ratchet (1), Bit (1), lanzador de jareta (1), jareta (1), planilla de stickers (1), Beycode (1), manual de instrucciones (1).",https://rucua.com/products/bx-00-dran-sword-1-60v-metal-coat-black-j-league-ver,2026-09-21,rucua_bx-00-dran-sword-1-60v-metal-coat-black-j-league-ver,BX-00,1-60,V,Dran Sword,matched,resolved,1.0,25.866666666666664,75.5,2498.0,7289.0,31.666666666666668,35.1,26.433333333333334,77.5,1.0,1.0,0,LOW_08,7500,26.653333333333336,1999.0
Rucua,BX-00 Starter Dran Sword 1-60V Metal Coat: Black J.League Ver.,Starter,Takara Tomy,1999.0,MXN,OutOfStock,1,1,1,1,0,1,1,0,"BEYBLADE X es un gear sport que presenta batallas extremas con increíble velocidad e impacto gracias a su truco de superaceleración, X-Dash.
Contenido del producto: Blade (1), Ratchet (1), Bit (1), lanzador de jareta (1), jareta (1), planilla de stickers (1), Beycode (1), manual de instrucciones (1).",https://rucua.com/products/bx-00-dran-sword-1-60v-metal-coat-black-j-league-ver,2026-09-21,rucua_bx-00-dran-sword-1-60v-metal-coat-black-j-league-ver,BX-00,1-60,V,Dran Sword,matched,resolved,1.0,25.866666666666664,75.5,2498.0,7289.0,31.666666666666668,35.1,26.433333333333334,77.5,1.0,1.0,0,LOW_09,8000,24.9875,1999.0
Rucua,BX-00 Starter Dran Sword 1-60V Metal Coat: Black J.League Ver.,Starter,Takara Tomy,1999.0,MXN,OutOfStock,1,1,1,1,0,1,1,0,"BEYBLADE X es un gear sport que presenta batallas extremas con increíble velocidad e impacto gracias a su truco de superaceleración, X-Dash.
Contenido del producto: Blade (1), Ratchet (1), Bit (1), lanzador de jareta (1), jareta (1), planilla de stickers (1), Beycode (1), manual de instrucciones (1).",https://rucua.com/products/bx-00-dran-sword-1-60v-metal-coat-black-j-league-ver,2026-09-21,rucua_bx-00-dran-sword-1-60v-metal-coat-black-j-league-ver,BX-00,1-60,V,Dran Sword,matched,resolved,1.0,25.866666666666664,75.5,2498.0,7289.0,31.666666666666668,35.1,26.433333333333334,77.5,1.0,1.0,0,LOW_10,8500,23.517647058823528,1999.0
Rucua,BX-00 Starter Dran Sword 1-60V Metal Coat: Black J.League Ver.,Starter,Takara Tomy,1999.0,MXN,OutOfStock,1,1,1,1,0,1,1,0,"BEYBLADE X es un gear sport que presenta batallas extremas con increíble velocidad e impacto gracias a su truco de superaceleración, X-Dash.
Contenido del producto: Blade (1), Ratchet (1), Bit (1), lanzador de jareta (1), jareta (1), planilla de stickers (1), Beycode (1), manual de instrucciones (1).",https://rucua.com/products/bx-00-dran-sword-1-60v-metal-coat-black-j-league-ver,2026-09-21,rucua_bx-00-dran-sword-1-60v-metal-coat-black-j-league-ver,BX-00,1-60,V,Dran Sword,matched,resolved,1.0,25.866666666666664,75.5,2498.0,7289.0,31.666666666666668,35.1,26.433333333333334,77.5,1.0,1.0,0,LOW_11,8999,22.213579286587397,1999.0
Rucua,BX-00 G3 Tournament Prize Knight Shield 3-80N Metal Coat: Gold,Other,Takara Tomy,4799.0,MXN,InStock,1,1,1,0,0,1,0,0,"BEYBLADE X es un gear sport que presenta batallas extremas con increíble velocidad e impacto gracias a su truco de superaceleración, X-Dash.
Contenido del producto: Blade (1), Ratchet (1), Bit (1).",https://rucua.com/products/bx-00-g3-tournament-prize-knight-shield-3-80n-metal-coat-gold,2026-09-21,rucua_bx-00-g3-tournament-prize-knight-shield-3-80n-metal-coat-gold,BX-00,3-80,N,Knight Shield,matched,resolved,1.0,1.1,1.6,105.66666666666667,152.0,29.433333333333334,34.3,0.9333333333333332,1.2,1.0,1.0,1,LOW_01,4001,119.94501374656336,4799.0
Rucua,BX-00 G3 Tournament Prize Knight Shield 3-80N Metal Coat: Gold,Other,Takara Tomy,4799.0,MXN,InStock,1,1,1,0,0,1,0,0,"BEYBLADE X es un gear sport que presenta batallas extremas con increíble velocidad e impacto gracias a su truco de superaceleración, X-Dash.
Contenido del producto: Blade (1), Ratchet (1), Bit (1).",https://rucua.com/products/bx-00-g3-tournament-prize-knight-shield-3-80n-metal-coat-gold,2026-09-21,rucua_bx-00-g3-tournament-prize-knight-shield-3-80n-metal-coat-gold,BX-00,3-80,N,Knight Shield,matched,resolved,1.0,1.1,1.6,105.66666666666667,152.0,29.433333333333334,34.3,0.9333333333333332,1.2,1.0,1.0,1,LOW_02,4500,106.64444444444445,4799.0
Rucua,BX-00 G3 Tournament Prize Knight Shield 3-80N Metal Coat: Gold,Other,Takara Tomy,4799.0,MXN,InStock,1,1,1,0,0,1,0,0,"BEYBLADE X es un gear sport que presenta batallas extremas con increíble velocidad e impacto gracias a su truco de superaceleración, X-Dash.
Contenido del producto: Blade (1), Ratchet (1), Bit (1).",https://rucua.com/products/bx-00-g3-tournament-prize-knight-shield-3-80n-metal-coat-gold,2026-09-21,rucua_bx-00-g3-tournament-prize-knight-shield-3-80n-metal-coat-gold,BX-00,3-80,N,Knight Shield,matched,resolved,1.0,1.1,1.6,105.66666666666667,152.0,29.433333333333334,34.3,0.9333333333333332,1.2,1.0,1.0,1,LOW_03,5000,95.98,4799.0
Rucua,BX-00 G3 Tournament Prize Knight Shield 3-80N Metal Coat: Gold,Other,Takara Tomy,4799.0,MXN,InStock,1,1,1,0,0,1,0,0,"BEYBLADE X es un gear sport que presenta batallas extremas con increíble velocidad e impacto gracias a su truco de superaceleración, X-Dash.
Contenido del producto: Blade (1), Ratchet (1), Bit (1).",https://rucua.com/products/bx-00-g3-tournament-prize-knight-shield-3-80n-metal-coat-gold,2026-09-21,rucua_bx-00-g3-tournament-prize-knight-shield-3-80n-metal-coat-gold,BX-00,3-80,N,Knight Shield,matched,resolved,1.0,1.1,1.6,105.66666666666667,152.0,29.433333333333334,34.3,0.9333333333333332,1.2,1.0,1.0,1,LOW_04,5500,87.25454545454545,4799.0
Rucua,BX-00 G3 Tournament Prize Knight Shield 3-80N Metal Coat: Gold,Other,Takara Tomy,4799.0,MXN,InStock,1,1,1,0,0,1,0,0,"BEYBLADE X es un gear sport que presenta batallas extremas con increíble velocidad e impacto gracias a su truco de superaceleración, X-Dash.
Contenido del producto: Blade (1), Ratchet (1), Bit (1).",https://rucua.com/products/bx-00-g3-tournament-prize-knight-shield-3-80n-metal-coat-gold,2026-09-21,rucua_bx-00-g3-tournament-prize-knight-shield-3-80n-metal-coat-gold,BX-00,3-80,N,Knight Shield,matched,resolved,1.0,1.1,1.6,105.66666666666667,152.0,29.433333333333334,34.3,0.9333333333333332,1.2,1.0,1.0,1,LOW_05,6000,79.98333333333333,4799.0
Rucua,BX-00 G3 Tournament Prize Knight Shield 3-80N Metal Coat: Gold,Other,Takara Tomy,4799.0,MXN,InStock,1,1,1,0,0,1,0,0,"BEYBLADE X es un gear sport que presenta batallas extremas con increíble velocidad e impacto gracias a su truco de superaceleración, X-Dash.
Contenido del producto: Blade (1), Ratchet (1), Bit (1).",https://rucua.com/products/bx-00-g3-tournament-prize-knight-shield-3-80n-metal-coat-gold,2026-09-21,rucua_bx-00-g3-tournament-prize-knight-shield-3-80n-metal-coat-gold,BX-00,3-80,N,Knight Shield,matched,resolved,1.0,1.1,1.6,105.66666666666667,152.0,29.433333333333334,34.3,0.9333333333333332,1.2,1.0,1.0,1,LOW_06,6500,73.83076923076923,4799.0
Rucua,BX-00 G3 Tournament Prize Knight Shield 3-80N Metal Coat: Gold,Other,Takara Tomy,4799.0,MXN,InStock,1,1,1,0,0,1,0,0,"BEYBLADE X es un gear sport que presenta batallas extremas con increíble velocidad e impacto gracias a su truco de superaceleración, X-Dash.
Contenido del producto: Blade (1), Ratchet (1), Bit (1).",https://rucua.com/products/bx-00-g3-tournament-prize-knight-shield-3-80n-metal-coat-gold,2026-09-21,rucua_bx-00-g3-tournament-prize-knight-shield-3-80n-metal-coat-gold,BX-00,3-80,N,Knight Shield,matched,resolved,1.0,1.1,1.6,105.66666666666667,152.0,29.433333333333334,34.3,0.9333333333333332,1.2,1.0,1.0,1,LOW_07,7000,68.55714285714286,4799.0
Rucua,BX-00 G3 Tournament Prize Knight Shield 3-80N Metal Coat: Gold,Other,Takara Tomy,4799.0,MXN,InStock,1,1,1,0,0,1,0,0,"BEYBLADE X es un gear sport que presenta batallas extremas con increíble velocidad e impacto gracias a su truco de superaceleración, X-Dash.
Contenido del producto: Blade (1), Ratchet (1), Bit (1).",https://rucua.com/products/bx-00-g3-tournament-prize-knight-shield-3-80n-metal-coat-gold,2026-09-21,rucua_bx-00-g3-tournament-prize-knight-shield-3-80n-metal-coat-gold,BX-00,3-80,N,Knight Shield,matched,resolved,1.0,1.1,1.6,105.66666666666667,152.0,29.433333333333334,34.3,0.9333333333333332,1.2,1.0,1.0,1,LOW_08,7500,63.98666666666667,4799.0
Rucua,BX-00 G3 Tournament Prize Knight Shield 3-80N Metal Coat: Gold,Other,Takara Tomy,4799.0,MXN,InStock,1,1,1,0,0,1,0,0,"BEYBLADE X es un gear sport que presenta batallas extremas con increíble velocidad e impacto gracias a su truco de superaceleración, X-Dash.
Contenido del producto: Blade (1), Ratchet (1), Bit (1).",https://rucua.com/products/bx-00-g3-tournament-prize-knight-shield-3-80n-metal-coat-gold,2026-09-21,rucua_bx-00-g3-tournament-prize-knight-shield-3-80n-metal-coat-gold,BX-00,3-80,N,Knight Shield,matched,resolved,1.0,1.1,1.6,105.66666666666667,152.0,29.433333333333334,34.3,0.9333333333333332,1.2,1.0,1.0,1,LOW_09,8000,59.987500000000004,4799.0
Rucua,BX-00 G3 Tournament Prize Knight Shield 3-80N Metal Coat: Gold,Other,Takara Tomy,4799.0,MXN,InStock,1,1,1,0,0,1,0,0,"BEYBLADE X es un gear sport que presenta batallas extremas con increíble velocidad e impacto gracias a su truco de superaceleración, X-Dash.
Contenido del producto: Blade (1), Ratchet (1), Bit (1).",https://rucua.com/products/bx-00-g3-tournament-prize-knight-shield-3-80n-metal-coat-gold,2026-09-21,rucua_bx-00-g3-tournament-prize-knight-shield-3-80n-metal-coat-gold,BX-00,3-80,N,Knight Shield,matched,resolved,1.0,1.1,1.6,105.66666666666667,152.0,29.433333333333334,34.3,0.9333333333333332,1.2,1.0,1.0,1,LOW_10,8500,56.45882352941176,4799.0
Rucua,BX-00 G3 Tournament Prize Knight Shield 3-80N Metal Coat: Gold,Other,Takara Tomy,4799.0,MXN,InStock,1,1,1,0,0,1,0,0,"BEYBLADE X es un gear sport que presenta batallas extremas con increíble velocidad e impacto gracias a su truco de superaceleración, X-Dash.
Contenido del producto: Blade (1), Ratchet (1), Bit (1).",https://rucua.com/products/bx-00-g3-tournament-prize-knight-shield-3-80n-metal-coat-gold,2026-09-21,rucua_bx-00-g3-tournament-prize-knight-shield-3-80n-metal-coat-gold,BX-00,3-80,N,Knight Shield,matched,resolved,1.0,1.1,1.6,105.66666666666667,152.0,29.433333333333334,34.3,0.9333333333333332,1.2,1.0,1.0,1,LOW_11,8999,53.32814757195244,4799.0
Rucua,BX-00 Random Booster Lightning L drago 1-60F,Booster,Takara Tomy,1259.0,MXN,OutOfStock,1,1,1,0,0,1,0,0,"BEYBLADE X es un gear sport que presenta batallas extremas con increíble velocidad e impacto gracias a su truco de superaceleración, X-Dash.
Contenido del producto: Blade (1), Ratchet (1), Bit (1), Beycode (1), manual de instrucciones (1).",https://rucua.com/products/bx-00-random-booster-lightning-l-drago-1-60f,2026-09-21,rucua_bx-00-random-booster-lightning-l-drago-1-60f,BX-00,1-60,F,,ambiguous_blade,ambiguous,1.0,39.35,75.5,3801.0,7289.0,29.200000000000003,35.1,39.85,77.5,0.6666666666666666,0.6666666666666666,0,LOW_01,4001,31.467133216695824,1259.0
Rucua,BX-00 Random Booster Lightning L drago 1-60F,Booster,Takara Tomy,1259.0,MXN,OutOfStock,1,1,1,0,0,1,0,0,"BEYBLADE X es un gear sport que presenta batallas extremas con increíble velocidad e impacto gracias a su truco de superaceleración, X-Dash.
Contenido del producto: Blade (1), Ratchet (1), Bit (1), Beycode (1), manual de instrucciones (1).",https://rucua.com/products/bx-00-random-booster-lightning-l-drago-1-60f,2026-09-21,rucua_bx-00-random-booster-lightning-l-drago-1-60f,BX-00,1-60,F,,ambiguous_blade,ambiguous,1.0,39.35,75.5,3801.0,7289.0,29.200000000000003,35.1,39.85,77.5,0.6666666666666666,0.6666666666666666,0,LOW_02,4500,27.977777777777778,1259.0
Rucua,BX-00 Random Booster Lightning L drago 1-60F,Booster,Takara Tomy,1259.0,MXN,OutOfStock,1,1,1,0,0,1,0,0,"BEYBLADE X es un gear sport que presenta batallas extremas con increíble velocidad e impacto gracias a su truco de superaceleración, X-Dash.
Contenido del producto: Blade (1), Ratchet (1), Bit (1), Beycode (1), manual de instrucciones (1).",https://rucua.com/products/bx-00-random-booster-lightning-l-drago-1-60f,2026-09-21,rucua_bx-00-random-booster-lightning-l-drago-1-60f,BX-00,1-60,F,,ambiguous_blade,ambiguous,1.0,39.35,75.5,3801.0,7289.0,29.200000000000003,35.1,39.85,77.5,0.6666666666666666,0.6666666666666666,0,LOW_03,5000,25.180000000000003,1259.0
Rucua,BX-00 Random Booster Lightning L drago 1-60F,Booster,Takara Tomy,1259.0,MXN,OutOfStock,1,1,1,0,0,1,0,0,"BEYBLADE X es un gear sport que presenta batallas extremas con increíble velocidad e impacto gracias a su truco de superaceleración, X-Dash.
Contenido del producto: Blade (1), Ratchet (1), Bit (1), Beycode (1), manual de instrucciones (1).",https://rucua.com/products/bx-00-random-booster-lightning-l-drago-1-60f,2026-09-21,rucua_bx-00-random-booster-lightning-l-drago-1-60f,BX-00,1-60,F,,ambiguous_blade,ambiguous,1.0,39.35,75.5,3801.0,7289.0,29.200000000000003,35.1,39.85,77.5,0.6666666666666666,0.6666666666666666,0,LOW_04,5500,22.89090909090909,1259.0
Rucua,BX-00 Random Booster Lightning L drago 1-60F,Booster,Takara Tomy,1259.0,MXN,OutOfStock,1,1,1,0,0,1,0,0,"BEYBLADE X es un gear sport que presenta batallas extremas con increíble velocidad e impacto gracias a su truco de superaceleración, X-Dash.
Contenido del producto: Blade (1), Ratchet (1), Bit (1), Beycode (1), manual de instrucciones (1).",https://rucua.com/products/bx-00-random-booster-lightning-l-drago-1-60f,2026-09-21,rucua_bx-00-random-booster-lightning-l-drago-1-60f,BX-00,1-60,F,,ambiguous_blade,ambiguous,1.0,39.35,75.5,3801.0,7289.0,29.200000000000003,35.1,39.85,77.5,0.6666666666666666,0.6666666666666666,0,LOW_05,6000,20.983333333333334,1259.0
Rucua,BX-00 Random Booster Lightning L drago 1-60F,Booster,Takara Tomy,1259.0,MXN,OutOfStock,1,1,1,0,0,1,0,0,"BEYBLADE X es un gear sport que presenta batallas extremas con increíble velocidad e impacto gracias a su truco de superaceleración, X-Dash.
Contenido del producto: Blade (1), Ratchet (1), Bit (1), Beycode (1), manual de instrucciones (1).",https://rucua.com/products/bx-00-random-booster-lightning-l-drago-1-60f,2026-09-21,rucua_bx-00-random-booster-lightning-l-drago-1-60f,BX-00,1-60,F,,ambiguous_blade,ambiguous,1.0,39.35,75.5,3801.0,7289.0,29.200000000000003,35.1,39.85,77.5,0.6666666666666666,0.6666666666666666,0,LOW_06,6500,19.369230769230768,1259.0
Rucua,BX-00 Random Booster Lightning L drago 1-60F,Booster,Takara Tomy,1259.0,MXN,OutOfStock,1,1,1,0,0,1,0,0,"BEYBLADE X es un gear sport que presenta batallas extremas con increíble velocidad e impacto gracias a su truco de superaceleración, X-Dash.
Contenido del producto: Blade (1), Ratchet (1), Bit (1), Beycode (1), manual de instrucciones (1).",https://rucua.com/products/bx-00-random-booster-lightning-l-drago-1-60f,2026-09-21,rucua_bx-00-random-booster-lightning-l-drago-1-60f,BX-00,1-60,F,,ambiguous_blade,ambiguous,1.0,39.35,75.5,3801.0,7289.0,29.200000000000003,35.1,39.85,77.5,0.6666666666666666,0.6666666666666666,0,LOW_07,7000,17.985714285714284,1259.0
Rucua,BX-00 Random Booster Lightning L drago 1-60F,Booster,Takara Tomy,1259.0,MXN,OutOfStock,1,1,1,0,0,1,0,0,"BEYBLADE X es un gear sport que presenta batallas extremas con increíble velocidad e impacto gracias a su truco de superaceleración, X-Dash.
Contenido del producto: Blade (1), Ratchet (1), Bit (1), Beycode (1), manual de instrucciones (1).",https://rucua.com/products/bx-00-random-booster-lightning-l-drago-1-60f,2026-09-21,rucua_bx-00-random-booster-lightning-l-drago-1-60f,BX-00,1-60,F,,ambiguous_blade,ambiguous,1.0,39.35,75.5,3801.0,7289.0,29.200000000000003,35.1,39.85,77.5,0.6666666666666666,0.6666666666666666,0,LOW_08,7500,16.786666666666665,1259.0
Rucua,BX-00 Random Booster Lightning L drago 1-60F,Booster,Takara Tomy,1259.0,MXN,OutOfStock,1,1,1,0,0,1,0,0,"BEYBLADE X es un gear sport que presenta batallas extremas con increíble velocidad e impacto gracias a su truco de superaceleración, X-Dash.
Contenido del producto: Blade (1), Ratchet (1), Bit (1), Beycode (1), manual de instrucciones (1).",https://rucua.com/products/bx-00-random-booster-lightning-l-drago-1-60f,2026-09-21,rucua_bx-00-random-booster-lightning-l-drago-1-60f,BX-00,1-60,F,,ambiguous_blade,ambiguous,1.0,39.35,75.5,3801.0,7289.0,29.200000000000003,35.1,39.85,77.5,0.6666666666666666,0.6666666666666666,0,LOW_09,8000,15.737499999999999,1259.0
Rucua,BX-00 Random Booster Lightning L drago 1-60F,Booster,Takara Tomy,1259.0,MXN,OutOfStock,1,1,1,0,0,1,0,0,"BEYBLADE X es un gear sport que presenta batallas extremas con increíble velocidad e impacto gracias a su truco de superaceleración, X-Dash.
Contenido del producto: Blade (1), Ratchet (1), Bit (1), Beycode (1), manual de instrucciones (1).",https://rucua.com/products/bx-00-random-booster-lightning-l-drago-1-60f,2026-09-21,rucua_bx-00-random-booster-lightning-l-drago-1-60f,BX-00,1-60,F,,ambiguous_blade,ambiguous,1.0,39.35,75.5,3801.0,7289.0,29.200000000000003,35.1,39.85,77.5,0.6666666666666666,0.6666666666666666,0,LOW_10,8500,14.811764705882352,1259.0
Rucua,BX-00 Random Booster Lightning L drago 1-60F,Booster,Takara Tomy,1259.0,MXN,OutOfStock,1,1,1,0,0,1,0,0,"BEYBLADE X es un gear sport que presenta batallas extremas con increíble velocidad e impacto gracias a su truco de superaceleración, X-Dash.
Contenido del producto: Blade (1), Ratchet (1), Bit (1), Beycode (1), manual de instrucciones (1).",https://rucua.com/products/bx-00-random-booster-lightning-l-drago-1-60f,2026-09-21,rucua_bx-00-random-booster-lightning-l-drago-1-60f,BX-00,1-60,F,,ambiguous_blade,ambiguous,1.0,39.35,75.5,3801.0,7289.0,29.200000000000003,35.1,39.85,77.5,0.6666666666666666,0.6666666666666666,0,LOW_11,8999,13.990443382598066,1259.0
Rucua,BX-00 Starter Dran Dagger 2-80GP Metal Coat: Black Giants Ver.,Starter,Takara Tomy,2999.0,MXN,InStock,1,1,1,1,0,1,1,0,"BEYBLADE X es un gear sport que presenta batallas extremas con increíble velocidad e impacto gracias a su truco de superaceleración, X-Dash.
Contenido del producto: Blade (1), Ratchet (1), Bit (1), lanzador de jareta (1), jareta (1), Beycode (1), manual de instrucciones (1).",https://rucua.com/products/bx-00-starter-dran-dagger-2-80gp-metal-coat-black-giants-ver,2026-09-21,rucua_bx-00-starter-dran-dagger-2-80gp-metal-coat-black-giants-ver,BX-00,2-80,GP,Dran Dagger,matched,resolved,1.0,0.7000000000000001,1.0,65.66666666666667,95.0,28.099999999999998,31.9,0.6,0.9,1.0,1.0,1,LOW_01,4001,74.9562609347663,2999.0
Rucua,BX-00 Starter Dran Dagger 2-80GP Metal Coat: Black Giants Ver.,Starter,Takara Tomy,2999.0,MXN,InStock,1,1,1,1,0,1,1,0,"BEYBLADE X es un gear sport que presenta batallas extremas con increíble velocidad e impacto gracias a su truco de superaceleración, X-Dash.
Contenido del producto: Blade (1), Ratchet (1), Bit (1), lanzador de jareta (1), jareta (1), Beycode (1), manual de instrucciones (1).",https://rucua.com/products/bx-00-starter-dran-dagger-2-80gp-metal-coat-black-giants-ver,2026-09-21,rucua_bx-00-starter-dran-dagger-2-80gp-metal-coat-black-giants-ver,BX-00,2-80,GP,Dran Dagger,matched,resolved,1.0,0.7000000000000001,1.0,65.66666666666667,95.0,28.099999999999998,31.9,0.6,0.9,1.0,1.0,1,LOW_02,4500,66.64444444444445,2999.0
Rucua,BX-00 Starter Dran Dagger 2-80GP Metal Coat: Black Giants Ver.,Starter,Takara Tomy,2999.0,MXN,InStock,1,1,1,1,0,1,1,0,"BEYBLADE X es un gear sport que presenta batallas extremas con increíble velocidad e impacto gracias a su truco de superaceleración, X-Dash.
Contenido del producto: Blade (1), Ratchet (1), Bit (1), lanzador de jareta (1), jareta (1), Beycode (1), manual de instrucciones (1).",https://rucua.com/products/bx-00-starter-dran-dagger-2-80gp-metal-coat-black-giants-ver,2026-09-21,rucua_bx-00-starter-dran-dagger-2-80gp-metal-coat-black-giants-ver,BX-00,2-80,GP,Dran Dagger,matched,resolved,1.0,0.7000000000000001,1.0,65.66666666666667,95.0,28.099999999999998,31.9,0.6,0.9,1.0,1.0,1,LOW_03,5000,59.98,2999.0
Rucua,BX-00 Starter Dran Dagger 2-80GP Metal Coat: Black Giants Ver.,Starter,Takara Tomy,2999.0,MXN,InStock,1,1,1,1,0,1,1,0,"BEYBLADE X es un gear sport que presenta batallas extremas con increíble velocidad e impacto gracias a su truco de superaceleración, X-Dash.
Contenido del producto: Blade (1), Ratchet (1), Bit (1), lanzador de jareta (1), jareta (1), Beycode (1), manual de instrucciones (1).",https://rucua.com/products/bx-00-starter-dran-dagger-2-80gp-metal-coat-black-giants-ver,2026-09-21,rucua_bx-00-starter-dran-dagger-2-80gp-metal-coat-black-giants-ver,BX-00,2-80,GP,Dran Dagger,matched,resolved,1.0,0.7000000000000001,1.0,65.66666666666667,95.0,28.099999999999998,31.9,0.6,0.9,1.0,1.0,1,LOW_04,5500,54.527272727272724,2999.0
Rucua,BX-00 Starter Dran Dagger 2-80GP Metal Coat: Black Giants Ver.,Starter,Takara Tomy,2999.0,MXN,InStock,1,1,1,1,0,1,1,0,"BEYBLADE X es un gear sport que presenta batallas extremas con increíble velocidad e impacto gracias a su truco de superaceleración, X-Dash.
Contenido del producto: Blade (1), Ratchet (1), Bit (1), lanzador de jareta (1), jareta (1), Beycode (1), manual de instrucciones (1).",https://rucua.com/products/bx-00-starter-dran-dagger-2-80gp-metal-coat-black-giants-ver,2026-09-21,rucua_bx-00-starter-dran-dagger-2-80gp-metal-coat-black-giants-ver,BX-00,2-80,GP,Dran Dagger,matched,resolved,1.0,0.7000000000000001,1.0,65.66666666666667,95.0,28.099999999999998,31.9,0.6,0.9,1.0,1.0,1,LOW_05,6000,49.983333333333334,2999.0
Rucua,BX-00 Starter Dran Dagger 2-80GP Metal Coat: Black Giants Ver.,Starter,Takara Tomy,2999.0,MXN,InStock,1,1,1,1,0,1,1,0,"BEYBLADE X es un gear sport que presenta batallas extremas con increíble velocidad e impacto gracias a su truco de superaceleración, X-Dash.
Contenido del producto: Blade (1), Ratchet (1), Bit (1), lanzador de jareta (1), jareta (1), Beycode (1), manual de instrucciones (1).",https://rucua.com/products/bx-00-starter-dran-dagger-2-80gp-metal-coat-black-giants-ver,2026-09-21,rucua_bx-00-starter-dran-dagger-2-80gp-metal-coat-black-giants-ver,BX-00,2-80,GP,Dran Dagger,matched,resolved,1.0,0.7000000000000001,1.0,65.66666666666667,95.0,28.099999999999998,31.9,0.6,0.9,1.0,1.0,1,LOW_06,6500,46.13846153846154,2999.0
Rucua,BX-00 Starter Dran Dagger 2-80GP Metal Coat: Black Giants Ver.,Starter,Takara Tomy,2999.0,MXN,InStock,1,1,1,1,0,1,1,0,"BEYBLADE X es un gear sport que presenta batallas extremas con increíble velocidad e impacto gracias a su truco de superaceleración, X-Dash.
Contenido del producto: Blade (1), Ratchet (1), Bit (1), lanzador de jareta (1), jareta (1), Beycode (1), manual de instrucciones (1).",https://rucua.com/products/bx-00-starter-dran-dagger-2-80gp-metal-coat-black-giants-ver,2026-09-21,rucua_bx-00-starter-dran-dagger-2-80gp-metal-coat-black-giants-ver,BX-00,2-80,GP,Dran Dagger,matched,resolved,1.0,0.7000000000000001,1.0,65.66666666666667,95.0,28.099999999999998,31.9,0.6,0.9,1.0,1.0,1,LOW_07,7000,42.84285714285714,2999.0
Rucua,BX-00 Starter Dran Dagger 2-80GP Metal Coat: Black Giants Ver.,Starter,Takara Tomy,2999.0,MXN,InStock,1,1,1,1,0,1,1,0,"BEYBLADE X es un gear sport que presenta batallas extremas con increíble velocidad e impacto gracias a su truco de superaceleración, X-Dash.
Contenido del producto: Blade (1), Ratchet (1), Bit (1), lanzador de jareta (1), jareta (1), Beycode (1), manual de instrucciones (1).",https://rucua.com/products/bx-00-starter-dran-dagger-2-80gp-metal-coat-black-giants-ver,2026-09-21,rucua_bx-00-starter-dran-dagger-2-80gp-metal-coat-black-giants-ver,BX-00,2-80,GP,Dran Dagger,matched,resolved,1.0,0.7000000000000001,1.0,65.66666666666667,95.0,28.099999999999998,31.9,0.6,0.9,1.0,1.0,1,LOW_08,7500,39.986666666666665,2999.0
Rucua,BX-00 Starter Dran Dagger 2-80GP Metal Coat: Black Giants Ver.,Starter,Takara Tomy,2999.0,MXN,InStock,1,1,1,1,0,1,1,0,"BEYBLADE X es un gear sport que presenta batallas extremas con increíble velocidad e impacto gracias a su truco de superaceleración, X-Dash.
Contenido del producto: Blade (1), Ratchet (1), Bit (1), lanzador de jareta (1), jareta (1), Beycode (1), manual de instrucciones (1).",https://rucua.com/products/bx-00-starter-dran-dagger-2-80gp-metal-coat-black-giants-ver,2026-09-21,rucua_bx-00-starter-dran-dagger-2-80gp-metal-coat-black-giants-ver,BX-00,2-80,GP,Dran Dagger,matched,resolved,1.0,0.7000000000000001,1.0,65.66666666666667,95.0,28.099999999999998,31.9,0.6,0.9,1.0,1.0,1,LOW_09,8000,37.487500000000004,2999.0
Rucua,BX-00 Starter Dran Dagger 2-80GP Metal Coat: Black Giants Ver.,Starter,Takara Tomy,2999.0,MXN,InStock,1,1,1,1,0,1,1,0,"BEYBLADE X es un gear sport que presenta batallas extremas con increíble velocidad e impacto gracias a su truco de superaceleración, X-Dash.
Contenido del producto: Blade (1), Ratchet (1), Bit (1), lanzador de jareta (1), jareta (1), Beycode (1), manual de instrucciones (1).",https://rucua.com/products/bx-00-starter-dran-dagger-2-80gp-metal-coat-black-giants-ver,2026-09-21,rucua_bx-00-starter-dran-dagger-2-80gp-metal-coat-black-giants-ver,BX-00,2-80,GP,Dran Dagger,matched,resolved,1.0,0.7000000000000001,1.0,65.66666666666667,95.0,28.099999999999998,31.9,0.6,0.9,1.0,1.0,1,LOW_10,8500,35.28235294117647,2999.0
Rucua,BX-00 Starter Dran Dagger 2-80GP Metal Coat: Black Giants Ver.,Starter,Takara Tomy,2999.0,MXN,InStock,1,1,1,1,0,1,1,0,"BEYBLADE X es un gear sport que presenta batallas extremas con increíble velocidad e impacto gracias a su truco de superaceleración, X-Dash.
Contenido del producto: Blade (1), Ratchet (1), Bit (1), lanzador de jareta (1), jareta (1), Beycode (1), manual de instrucciones (1).",https://rucua.com/products/bx-00-starter-dran-dagger-2-80gp-metal-coat-black-giants-ver,2026-09-21,rucua_bx-00-starter-dran-dagger-2-80gp-metal-coat-black-giants-ver,BX-00,2-80,GP,Dran Dagger,matched,resolved,1.0,0.7000000000000001,1.0,65.66666666666667,95.0,28.099999999999998,31.9,0.6,0.9,1.0,1.0,1,LOW_11,8999,33.3259251027892,2999.0
Rucua,BX-00 Starter Phoenix Wing 9-60GF Metal Coat: Black – Kitani Tatsuya Ver.,Starter,Takara Tomy,4999.0,MXN,OutOfStock,1,1,1,1,0,1,1,0,"BEYBLADE X es un gear sport que presenta batallas extremas con increíble velocidad e impacto gracias a su truco de superaceleración, X-Dash.
Contenido del producto: Blade (1), Ratchet (1), Bit (1), lanzador de jareta (1), jareta (1), Beycode (1), manual de instrucciones (1).",https://rucua.com/products/bx-00-starter-phoenix-wing-9-60gf-metal-coat-black-kitani-tatsuya-ver,2026-09-21,rucua_bx-00-starter-phoenix-wing-9-60gf-metal-coat-black-kitani-tatsuya-ver,BX-00,9-60,GF,Phoenix Wing,matched,resolved,1.0,32.56666666666667,67.9,3146.3333333333335,6555.0,31.53333333333333,33.9,32.1,67.4,1.0,1.0,0,LOW_01,4001,124.94376405898527,4999.0
Rucua,BX-00 Starter Phoenix Wing 9-60GF Metal Coat: Black – Kitani Tatsuya Ver.,Starter,Takara Tomy,4999.0,MXN,OutOfStock,1,1,1,1,0,1,1,0,"BEYBLADE X es un gear sport que presenta batallas extremas con increíble velocidad e impacto gracias a su truco de superaceleración, X-Dash.
Contenido del producto: Blade (1), Ratchet (1), Bit (1), lanzador de jareta (1), jareta (1), Beycode (1), manual de instrucciones (1).",https://rucua.com/products/bx-00-starter-phoenix-wing-9-60gf-metal-coat-black-kitani-tatsuya-ver,2026-09-21,rucua_bx-00-starter-phoenix-wing-9-60gf-metal-coat-black-kitani-tatsuya-ver,BX-00,9-60,GF,Phoenix Wing,matched,resolved,1.0,32.56666666666667,67.9,3146.3333333333335,6555.0,31.53333333333333,33.9,32.1,67.4,1.0,1.0,0,LOW_02,4500,111.08888888888887,4999.0
Rucua,BX-00 Starter Phoenix Wing 9-60GF Metal Coat: Black – Kitani Tatsuya Ver.,Starter,Takara Tomy,4999.0,MXN,OutOfStock,1,1,1,1,0,1,1,0,"BEYBLADE X es un gear sport que presenta batallas extremas con increíble velocidad e impacto gracias a su truco de superaceleración, X-Dash.
Contenido del producto: Blade (1), Ratchet (1), Bit (1), lanzador de jareta (1), jareta (1), Beycode (1), manual de instrucciones (1).",https://rucua.com/products/bx-00-starter-phoenix-wing-9-60gf-metal-coat-black-kitani-tatsuya-ver,2026-09-21,rucua_bx-00-starter-phoenix-wing-9-60gf-metal-coat-black-kitani-tatsuya-ver,BX-00,9-60,GF,Phoenix Wing,matched,resolved,1.0,32.56666666666667,67.9,3146.3333333333335,6555.0,31.53333333333333,33.9,32.1,67.4,1.0,1.0,0,LOW_03,5000,99.98,4999.0
Rucua,BX-00 Starter Phoenix Wing 9-60GF Metal Coat: Black – Kitani Tatsuya Ver.,Starter,Takara Tomy,4999.0,MXN,OutOfStock,1,1,1,1,0,1,1,0,"BEYBLADE X es un gear sport que presenta batallas extremas con increíble velocidad e impacto gracias a su truco de superaceleración, X-Dash.
Contenido del producto: Blade (1), Ratchet (1), Bit (1), lanzador de jareta (1), jareta (1), Beycode (1), manual de instrucciones (1).",https://rucua.com/products/bx-00-starter-phoenix-wing-9-60gf-metal-coat-black-kitani-tatsuya-ver,2026-09-21,rucua_bx-00-starter-phoenix-wing-9-60gf-metal-coat-black-kitani-tatsuya-ver,BX-00,9-60,GF,Phoenix Wing,matched,resolved,1.0,32.56666666666667,67.9,3146.3333333333335,6555.0,31.53333333333333,33.9,32.1,67.4,1.0,1.0,0,LOW_04,5500,90.89090909090909,4999.0
Rucua,BX-00 Starter Phoenix Wing 9-60GF Metal Coat: Black – Kitani Tatsuya Ver.,Starter,Takara Tomy,4999.0,MXN,OutOfStock,1,1,1,1,0,1,1,0,"BEYBLADE X es un gear sport que presenta batallas extremas con increíble velocidad e impacto gracias a su truco de superaceleración, X-Dash.
Contenido del producto: Blade (1), Ratchet (1), Bit (1), lanzador de jareta (1), jareta (1), Beycode (1), manual de instrucciones (1).",https://rucua.com/products/bx-00-starter-phoenix-wing-9-60gf-metal-coat-black-kitani-tatsuya-ver,2026-09-21,rucua_bx-00-starter-phoenix-wing-9-60gf-metal-coat-black-kitani-tatsuya-ver,BX-00,9-60,GF,Phoenix Wing,matched,resolved,1.0,32.56666666666667,67.9,3146.3333333333335,6555.0,31.53333333333333,33.9,32.1,67.4,1.0,1.0,0,LOW_05,6000,83.31666666666668,4999.0
Rucua,BX-00 Starter Phoenix Wing 9-60GF Metal Coat: Black – Kitani Tatsuya Ver.,Starter,Takara Tomy,4999.0,MXN,OutOfStock,1,1,1,1,0,1,1,0,"BEYBLADE X es un gear sport que presenta batallas extremas con increíble velocidad e impacto gracias a su truco de superaceleración, X-Dash.
Contenido del producto: Blade (1), Ratchet (1), Bit (1), lanzador de jareta (1), jareta (1), Beycode (1), manual de instrucciones (1).",https://rucua.com/products/bx-00-starter-phoenix-wing-9-60gf-metal-coat-black-kitani-tatsuya-ver,2026-09-21,rucua_bx-00-starter-phoenix-wing-9-60gf-metal-coat-black-kitani-tatsuya-ver,BX-00,9-60,GF,Phoenix Wing,matched,resolved,1.0,32.56666666666667,67.9,3146.3333333333335,6555.0,31.53333333333333,33.9,32.1,67.4,1.0,1.0,0,LOW_06,6500,76.90769230769232,4999.0
Rucua,BX-00 Starter Phoenix Wing 9-60GF Metal Coat: Black – Kitani Tatsuya Ver.,Starter,Takara Tomy,4999.0,MXN,OutOfStock,1,1,1,1,0,1,1,0,"BEYBLADE X es un gear sport que presenta batallas extremas con increíble velocidad e impacto gracias a su truco de superaceleración, X-Dash.
Contenido del producto: Blade (1), Ratchet (1), Bit (1), lanzador de jareta (1), jareta (1), Beycode (1), manual de instrucciones (1).",https://rucua.com/products/bx-00-starter-phoenix-wing-9-60gf-metal-coat-black-kitani-tatsuya-ver,2026-09-21,rucua_bx-00-starter-phoenix-wing-9-60gf-metal-coat-black-kitani-tatsuya-ver,BX-00,9-60,GF,Phoenix Wing,matched,resolved,1.0,32.56666666666667,67.9,3146.3333333333335,6555.0,31.53333333333333,33.9,32.1,67.4,1.0,1.0,0,LOW_07,7000,71.41428571428573,4999.0
Rucua,BX-00 Starter Phoenix Wing 9-60GF Metal Coat: Black – Kitani Tatsuya Ver.,Starter,Takara Tomy,4999.0,MXN,OutOfStock,1,1,1,1,0,1,1,0,"BEYBLADE X es un gear sport que presenta batallas extremas con increíble velocidad e impacto gracias a su truco de superaceleración, X-Dash.
Contenido del producto: Blade (1), Ratchet (1), Bit (1), lanzador de jareta (1), jareta (1), Beycode (1), manual de instrucciones (1).",https://rucua.com/products/bx-00-starter-phoenix-wing-9-60gf-metal-coat-black-kitani-tatsuya-ver,2026-09-21,rucua_bx-00-starter-phoenix-wing-9-60gf-metal-coat-black-kitani-tatsuya-ver,BX-00,9-60,GF,Phoenix Wing,matched,resolved,1.0,32.56666666666667,67.9,3146.3333333333335,6555.0,31.53333333333333,33.9,32.1,67.4,1.0,1.0,0,LOW_08,7500,66.65333333333334,4999.0
Rucua,BX-00 Starter Phoenix Wing 9-60GF Metal Coat: Black – Kitani Tatsuya Ver.,Starter,Takara Tomy,4999.0,MXN,OutOfStock,1,1,1,1,0,1,1,0,"BEYBLADE X es un gear sport que presenta batallas extremas con increíble velocidad e impacto gracias a su truco de superaceleración, X-Dash.
Contenido del producto: Blade (1), Ratchet (1), Bit (1), lanzador de jareta (1), jareta (1), Beycode (1), manual de instrucciones (1).",https://rucua.com/products/bx-00-starter-phoenix-wing-9-60gf-metal-coat-black-kitani-tatsuya-ver,2026-09-21,rucua_bx-00-starter-phoenix-wing-9-60gf-metal-coat-black-kitani-tatsuya-ver,BX-00,9-60,GF,Phoenix Wing,matched,resolved,1.0,32.56666666666667,67.9,3146.3333333333335,6555.0,31.53333333333333,33.9,32.1,67.4,1.0,1.0,0,LOW_09,8000,62.4875,4999.0
Rucua,BX-00 Starter Phoenix Wing 9-60GF Metal Coat: Black – Kitani Tatsuya Ver.,Starter,Takara Tomy,4999.0,MXN,OutOfStock,1,1,1,1,0,1,1,0,"BEYBLADE X es un gear sport que presenta batallas extremas con increíble velocidad e impacto gracias a su truco de superaceleración, X-Dash.
Contenido del producto: Blade (1), Ratchet (1), Bit (1), lanzador de jareta (1), jareta (1), Beycode (1), manual de instrucciones (1).",https://rucua.com/products/bx-00-starter-phoenix-wing-9-60gf-metal-coat-black-kitani-tatsuya-ver,2026-09-21,rucua_bx-00-starter-phoenix-wing-9-60gf-metal-coat-black-kitani-tatsuya-ver,BX-00,9-60,GF,Phoenix Wing,matched,resolved,1.0,32.56666666666667,67.9,3146.3333333333335,6555.0,31.53333333333333,33.9,32.1,67.4,1.0,1.0,0,LOW_10,8500,58.811764705882354,4999.0
Rucua,BX-00 Starter Phoenix Wing 9-60GF Metal Coat: Black – Kitani Tatsuya Ver.,Starter,Takara Tomy,4999.0,MXN,OutOfStock,1,1,1,1,0,1,1,0,"BEYBLADE X es un gear sport que presenta batallas extremas con increíble velocidad e impacto gracias a su truco de superaceleración, X-Dash.
Contenido del producto: Blade (1), Ratchet (1), Bit (1), lanzador de jareta (1), jareta (1), Beycode (1), manual de instrucciones (1).",https://rucua.com/products/bx-00-starter-phoenix-wing-9-60gf-metal-coat-black-kitani-tatsuya-ver,2026-09-21,rucua_bx-00-starter-phoenix-wing-9-60gf-metal-coat-black-kitani-tatsuya-ver,BX-00,9-60,GF,Phoenix Wing,matched,resolved,1.0,32.56666666666667,67.9,3146.3333333333335,6555.0,31.53333333333333,33.9,32.1,67.4,1.0,1.0,0,LOW_11,8999,55.550616735192804,4999.0
Rucua,BX-00 Starter Storm Pegasus 3-70RA,Starter,Takara Tomy,1099.0,MXN,OutOfStock,1,1,1,1,0,1,1,0,"BEYBLADE X es un gear sport que presenta batallas extremas con increíble velocidad e impacto gracias a su truco de superaceleración, X-Dash.
Contenido del producto: Blade (1), Ratchet (1), Bit (1), lanzador de cuerda (1), Beycode (1), manual de instrucciones (1).",https://rucua.com/products/bx-00-starter-storm-pegasus-3-70ra,2026-09-21,rucua_bx-00-starter-storm-pegasus-3-70ra,BX-00,3-70,RA,Storm Pegasis,matched,resolved,1.0,1.9333333333333333,2.9,186.33333333333334,279.0,34.46666666666667,42.9,1.7333333333333334,2.7,1.0,1.0,0,LOW_01,4001,27.46813296675831,1099.0
Rucua,BX-00 Starter Storm Pegasus 3-70RA,Starter,Takara Tomy,1099.0,MXN,OutOfStock,1,1,1,1,0,1,1,0,"BEYBLADE X es un gear sport que presenta batallas extremas con increíble velocidad e impacto gracias a su truco de superaceleración, X-Dash.
Contenido del producto: Blade (1), Ratchet (1), Bit (1), lanzador de cuerda (1), Beycode (1), manual de instrucciones (1).",https://rucua.com/products/bx-00-starter-storm-pegasus-3-70ra,2026-09-21,rucua_bx-00-starter-storm-pegasus-3-70ra,BX-00,3-70,RA,Storm Pegasis,matched,resolved,1.0,1.9333333333333333,2.9,186.33333333333334,279.0,34.46666666666667,42.9,1.7333333333333334,2.7,1.0,1.0,0,LOW_02,4500,24.422222222222224,1099.0
Rucua,BX-00 Starter Storm Pegasus 3-70RA,Starter,Takara Tomy,1099.0,MXN,OutOfStock,1,1,1,1,0,1,1,0,"BEYBLADE X es un gear sport que presenta batallas extremas con increíble velocidad e impacto gracias a su truco de superaceleración, X-Dash.
Contenido del producto: Blade (1), Ratchet (1), Bit (1), lanzador de cuerda (1), Beycode (1), manual de instrucciones (1).",https://rucua.com/products/bx-00-starter-storm-pegasus-3-70ra,2026-09-21,rucua_bx-00-starter-storm-pegasus-3-70ra,BX-00,3-70,RA,Storm Pegasis,matched,resolved,1.0,1.9333333333333333,2.9,186.33333333333334,279.0,34.46666666666667,42.9,1.7333333333333334,2.7,1.0,1.0,0,LOW_03,5000,21.98,1099.0
Rucua,BX-00 Starter Storm Pegasus 3-70RA,Starter,Takara Tomy,1099.0,MXN,OutOfStock,1,1,1,1,0,1,1,0,"BEYBLADE X es un gear sport que presenta batallas extremas con increíble velocidad e impacto gracias a su truco de superaceleración, X-Dash.
Contenido del producto: Blade (1), Ratchet (1), Bit (1), lanzador de cuerda (1), Beycode (1), manual de instrucciones (1).",https://rucua.com/products/bx-00-starter-storm-pegasus-3-70ra,2026-09-21,rucua_bx-00-starter-storm-pegasus-3-70ra,BX-00,3-70,RA,Storm Pegasis,matched,resolved,1.0,1.9333333333333333,2.9,186.33333333333334,279.0,34.46666666666667,42.9,1.7333333333333334,2.7,1.0,1.0,0,LOW_04,5500,19.98181818181818,1099.0
Rucua,BX-00 Starter Storm Pegasus 3-70RA,Starter,Takara Tomy,1099.0,MXN,OutOfStock,1,1,1,1,0,1,1,0,"BEYBLADE X es un gear sport que presenta batallas extremas con increíble velocidad e impacto gracias a su truco de superaceleración, X-Dash.
Contenido del producto: Blade (1), Ratchet (1), Bit (1), lanzador de cuerda (1), Beycode (1), manual de instrucciones (1).",https://rucua.com/products/bx-00-starter-storm-pegasus-3-70ra,2026-09-21,rucua_bx-00-starter-storm-pegasus-3-70ra,BX-00,3-70,RA,Storm Pegasis,matched,resolved,1.0,1.9333333333333333,2.9,186.33333333333334,279.0,34.46666666666667,42.9,1.7333333333333334,2.7,1.0,1.0,0,LOW_05,6000,18.316666666666666,1099.0
Rucua,BX-00 Starter Storm Pegasus 3-70RA,Starter,Takara Tomy,1099.0,MXN,OutOfStock,1,1,1,1,0,1,1,0,"BEYBLADE X es un gear sport que presenta batallas extremas con increíble velocidad e impacto gracias a su truco de superaceleración, X-Dash.
Contenido del producto: Blade (1), Ratchet (1), Bit (1), lanzador de cuerda (1), Beycode (1), manual de instrucciones (1).",https://rucua.com/products/bx-00-starter-storm-pegasus-3-70ra,2026-09-21,rucua_bx-00-starter-storm-pegasus-3-70ra,BX-00,3-70,RA,Storm Pegasis,matched,resolved,1.0,1.9333333333333333,2.9,186.33333333333334,279.0,34.46666666666667,42.9,1.7333333333333334,2.7,1.0,1.0,0,LOW_06,6500,16.907692307692308,1099.0
Rucua,BX-00 Starter Storm Pegasus 3-70RA,Starter,Takara Tomy,1099.0,MXN,OutOfStock,1,1,1,1,0,1,1,0,"BEYBLADE X es un gear sport que presenta batallas extremas con increíble velocidad e impacto gracias a su truco de superaceleración, X-Dash.
Contenido del producto: Blade (1), Ratchet (1), Bit (1), lanzador de cuerda (1), Beycode (1), manual de instrucciones (1).",https://rucua.com/products/bx-00-starter-storm-pegasus-3-70ra,2026-09-21,rucua_bx-00-starter-storm-pegasus-3-70ra,BX-00,3-70,RA,Storm Pegasis,matched,resolved,1.0,1.9333333333333333,2.9,186.33333333333334,279.0,34.46666666666667,42.9,1.7333333333333334,2.7,1.0,1.0,0,LOW_07,7000,15.7,1099.0
Rucua,BX-00 Starter Storm Pegasus 3-70RA,Starter,Takara Tomy,1099.0,MXN,OutOfStock,1,1,1,1,0,1,1,0,"BEYBLADE X es un gear sport que presenta batallas extremas con increíble velocidad e impacto gracias a su truco de superaceleración, X-Dash.
Contenido del producto: Blade (1), Ratchet (1), Bit (1), lanzador de cuerda (1), Beycode (1), manual de instrucciones (1).",https://rucua.com/products/bx-00-starter-storm-pegasus-3-70ra,2026-09-21,rucua_bx-00-starter-storm-pegasus-3-70ra,BX-00,3-70,RA,Storm Pegasis,matched,resolved,1.0,1.9333333333333333,2.9,186.33333333333334,279.0,34.46666666666667,42.9,1.7333333333333334,2.7,1.0,1.0,0,LOW_08,7500,14.653333333333332,1099.0
Rucua,BX-00 Starter Storm Pegasus 3-70RA,Starter,Takara Tomy,1099.0,MXN,OutOfStock,1,1,1,1,0,1,1,0,"BEYBLADE X es un gear sport que presenta batallas extremas con increíble velocidad e impacto gracias a su truco de superaceleración, X-Dash.
Contenido del producto: Blade (1), Ratchet (1), Bit (1), lanzador de cuerda (1), Beycode (1), manual de instrucciones (1).",https://rucua.com/products/bx-00-starter-storm-pegasus-3-70ra,2026-09-21,rucua_bx-00-starter-storm-pegasus-3-70ra,BX-00,3-70,RA,Storm Pegasis,matched,resolved,1.0,1.9333333333333333,2.9,186.33333333333334,279.0,34.46666666666667,42.9,1.7333333333333334,2.7,1.0,1.0,0,LOW_09,8000,13.737499999999999,1099.0
Rucua,BX-00 Starter Storm Pegasus 3-70RA,Starter,Takara Tomy,1099.0,MXN,OutOfStock,1,1,1,1,0,1,1,0,"BEYBLADE X es un gear sport que presenta batallas extremas con increíble velocidad e impacto gracias a su truco de superaceleración, X-Dash.
Contenido del producto: Blade (1), Ratchet (1), Bit (1), lanzador de cuerda (1), Beycode (1), manual de instrucciones (1).",https://rucua.com/products/bx-00-starter-storm-pegasus-3-70ra,2026-09-21,rucua_bx-00-starter-storm-pegasus-3-70ra,BX-00,3-70,RA,Storm Pegasis,matched,resolved,1.0,1.9333333333333333,2.9,186.33333333333334,279.0,34.46666666666667,42.9,1.7333333333333334,2.7,1.0,1.0,0,LOW_10,8500,12.929411764705884,1099.0
Rucua,BX-00 Starter Storm Pegasus 3-70RA,Starter,Takara Tomy,1099.0,MXN,OutOfStock,1,1,1,1,0,1,1,0,"BEYBLADE X es un gear sport que presenta batallas extremas con increíble velocidad e impacto gracias a su truco de superaceleración, X-Dash.
Contenido del producto: Blade (1), Ratchet (1), Bit (1), lanzador de cuerda (1), Beycode (1), manual de instrucciones (1).",https://rucua.com/products/bx-00-starter-storm-pegasus-3-70ra,2026-09-21,rucua_bx-00-starter-storm-pegasus-3-70ra,BX-00,3-70,RA,Storm Pegasis,matched,resolved,1.0,1.9333333333333333,2.9,186.33333333333334,279.0,34.46666666666667,42.9,1.7333333333333334,2.7,1.0,1.0,0,LOW_11,8999,12.212468052005779,1099.0
Rucua,BX-00 Starter Xeno Excalibur 3-60GF,Starter,Takara Tomy,1599.0,MXN,InStock,1,1,1,1,0,1,1,0,"BEYBLADE X es un gear sport que presenta batallas extremas con increíble velocidad e impacto gracias a su truco de superaceleración, X-Dash.
Contenido del producto: Blade (1), Ratchet (1), Bit (1), lanzador de jareta (1), jareta (1), Beycode (1), manual de instrucciones (1).",https://rucua.com/products/bx-00-starter-xeno-excalibur-3-60gf,2026-09-21,rucua_bx-00-starter-xeno-excalibur-3-60gf,BX-00,3-60,GF,Xeno Xcalibur,matched,resolved,1.0,15.766666666666667,46.5,1521.0,4488.0,31.399999999999995,33.4,15.4,45.5,1.0,1.0,1,LOW_01,4001,39.965008747813044,1599.0
Rucua,BX-00 Starter Xeno Excalibur 3-60GF,Starter,Takara Tomy,1599.0,MXN,InStock,1,1,1,1,0,1,1,0,"BEYBLADE X es un gear sport que presenta batallas extremas con increíble velocidad e impacto gracias a su truco de superaceleración, X-Dash.
Contenido del producto: Blade (1), Ratchet (1), Bit (1), lanzador de jareta (1), jareta (1), Beycode (1), manual de instrucciones (1).",https://rucua.com/products/bx-00-starter-xeno-excalibur-3-60gf,2026-09-21,rucua_bx-00-starter-xeno-excalibur-3-60gf,BX-00,3-60,GF,Xeno Xcalibur,matched,resolved,1.0,15.766666666666667,46.5,1521.0,4488.0,31.399999999999995,33.4,15.4,45.5,1.0,1.0,1,LOW_02,4500,35.53333333333333,1599.0
Rucua,BX-00 Starter Xeno Excalibur 3-60GF,Starter,Takara Tomy,1599.0,MXN,InStock,1,1,1,1,0,1,1,0,"BEYBLADE X es un gear sport que presenta batallas extremas con increíble velocidad e impacto gracias a su truco de superaceleración, X-Dash.
Contenido del producto: Blade (1), Ratchet (1), Bit (1), lanzador de jareta (1), jareta (1), Beycode (1), manual de instrucciones (1).",https://rucua.com/products/bx-00-starter-xeno-excalibur-3-60gf,2026-09-21,rucua_bx-00-starter-xeno-excalibur-3-60gf,BX-00,3-60,GF,Xeno Xcalibur,matched,resolved,1.0,15.766666666666667,46.5,1521.0,4488.0,31.399999999999995,33.4,15.4,45.5,1.0,1.0,1,LOW_03,5000,31.979999999999997,1599.0
Rucua,BX-00 Starter Xeno Excalibur 3-60GF,Starter,Takara Tomy,1599.0,MXN,InStock,1,1,1,1,0,1,1,0,"BEYBLADE X es un gear sport que presenta batallas extremas con increíble velocidad e impacto gracias a su truco de superaceleración, X-Dash.
Contenido del producto: Blade (1), Ratchet (1), Bit (1), lanzador de jareta (1), jareta (1), Beycode (1), manual de instrucciones (1).",https://rucua.com/products/bx-00-starter-xeno-excalibur-3-60gf,2026-09-21,rucua_bx-00-starter-xeno-excalibur-3-60gf,BX-00,3-60,GF,Xeno Xcalibur,matched,resolved,1.0,15.766666666666667,46.5,1521.0,4488.0,31.399999999999995,33.4,15.4,45.5,1.0,1.0,1,LOW_04,5500,29.07272727272727,1599.0
Rucua,BX-00 Starter Xeno Excalibur 3-60GF,Starter,Takara Tomy,1599.0,MXN,InStock,1,1,1,1,0,1,1,0,"BEYBLADE X es un gear sport que presenta batallas extremas con increíble velocidad e impacto gracias a su truco de superaceleración, X-Dash.
Contenido del producto: Blade (1), Ratchet (1), Bit (1), lanzador de jareta (1), jareta (1), Beycode (1), manual de instrucciones (1).",https://rucua.com/products/bx-00-starter-xeno-excalibur-3-60gf,2026-09-21,rucua_bx-00-starter-xeno-excalibur-3-60gf,BX-00,3-60,GF,Xeno Xcalibur,matched,resolved,1.0,15.766666666666667,46.5,1521.0,4488.0,31.399999999999995,33.4,15.4,45.5,1.0,1.0,1,LOW_05,6000,26.650000000000002,1599.0
Rucua,BX-00 Starter Xeno Excalibur 3-60GF,Starter,Takara Tomy,1599.0,MXN,InStock,1,1,1,1,0,1,1,0,"BEYBLADE X es un gear sport que presenta batallas extremas con increíble velocidad e impacto gracias a su truco de superaceleración, X-Dash.
Contenido del producto: Blade (1), Ratchet (1), Bit (1), lanzador de jareta (1), jareta (1), Beycode (1), manual de instrucciones (1).",https://rucua.com/products/bx-00-starter-xeno-excalibur-3-60gf,2026-09-21,rucua_bx-00-starter-xeno-excalibur-3-60gf,BX-00,3-60,GF,Xeno Xcalibur,matched,resolved,1.0,15.766666666666667,46.5,1521.0,4488.0,31.399999999999995,33.4,15.4,45.5,1.0,1.0,1,LOW_06,6500,24.6,1599.0
Rucua,BX-00 Starter Xeno Excalibur 3-60GF,Starter,Takara Tomy,1599.0,MXN,InStock,1,1,1,1,0,1,1,0,"BEYBLADE X es un gear sport que presenta batallas extremas con increíble velocidad e impacto gracias a su truco de superaceleración, X-Dash.
Contenido del producto: Blade (1), Ratchet (1), Bit (1), lanzador de jareta (1), jareta (1), Beycode (1), manual de instrucciones (1).",https://rucua.com/products/bx-00-starter-xeno-excalibur-3-60gf,2026-09-21,rucua_bx-00-starter-xeno-excalibur-3-60gf,BX-00,3-60,GF,Xeno Xcalibur,matched,resolved,1.0,15.766666666666667,46.5,1521.0,4488.0,31.399999999999995,33.4,15.4,45.5,1.0,1.0,1,LOW_07,7000,22.84285714285714,1599.0
Rucua,BX-00 Starter Xeno Excalibur 3-60GF,Starter,Takara Tomy,1599.0,MXN,InStock,1,1,1,1,0,1,1,0,"BEYBLADE X es un gear sport que presenta batallas extremas con increíble velocidad e impacto gracias a su truco de superaceleración, X-Dash.
Contenido del producto: Blade (1), Ratchet (1), Bit (1), lanzador de jareta (1), jareta (1), Beycode (1), manual de instrucciones (1).",https://rucua.com/products/bx-00-starter-xeno-excalibur-3-60gf,2026-09-21,rucua_bx-00-starter-xeno-excalibur-3-60gf,BX-00,3-60,GF,Xeno Xcalibur,matched,resolved,1.0,15.766666666666667,46.5,1521.0,4488.0,31.399999999999995,33.4,15.4,45.5,1.0,1.0,1,LOW_08,7500,21.32,1599.0
Rucua,BX-00 Starter Xeno Excalibur 3-60GF,Starter,Takara Tomy,1599.0,MXN,InStock,1,1,1,1,0,1,1,0,"BEYBLADE X es un gear sport que presenta batallas extremas con increíble velocidad e impacto gracias a su truco de superaceleración, X-Dash.
Contenido del producto: Blade (1), Ratchet (1), Bit (1), lanzador de jareta (1), jareta (1), Beycode (1), manual de instrucciones (1).",https://rucua.com/products/bx-00-starter-xeno-excalibur-3-60gf,2026-09-21,rucua_bx-00-starter-xeno-excalibur-3-60gf,BX-00,3-60,GF,Xeno Xcalibur,matched,resolved,1.0,15.766666666666667,46.5,1521.0,4488.0,31.399999999999995,33.4,15.4,45.5,1.0,1.0,1,LOW_09,8000,19.9875,1599.0
Rucua,BX-00 Starter Xeno Excalibur 3-60GF,Starter,Takara Tomy,1599.0,MXN,InStock,1,1,1,1,0,1,1,0,"BEYBLADE X es un gear sport que presenta batallas extremas con increíble velocidad e impacto gracias a su truco de superaceleración, X-Dash.
Contenido del producto: Blade (1), Ratchet (1), Bit (1), lanzador de jareta (1), jareta (1), Beycode (1), manual de instrucciones (1).",https://rucua.com/products/bx-00-starter-xeno-excalibur-3-60gf,2026-09-21,rucua_bx-00-starter-xeno-excalibur-3-60gf,BX-00,3-60,GF,Xeno Xcalibur,matched,resolved,1.0,15.766666666666667,46.5,1521.0,4488.0,31.399999999999995,33.4,15.4,45.5,1.0,1.0,1,LOW_10,8500,18.811764705882354,1599.0
Rucua,BX-00 Starter Xeno Excalibur 3-60GF,Starter,Takara Tomy,1599.0,MXN,InStock,1,1,1,1,0,1,1,0,"BEYBLADE X es un gear sport que presenta batallas extremas con increíble velocidad e impacto gracias a su truco de superaceleración, X-Dash.
Contenido del producto: Blade (1), Ratchet (1), Bit (1), lanzador de jareta (1), jareta (1), Beycode (1), manual de instrucciones (1).",https://rucua.com/products/bx-00-starter-xeno-excalibur-3-60gf,2026-09-21,rucua_bx-00-starter-xeno-excalibur-3-60gf,BX-00,3-60,GF,Xeno Xcalibur,matched,resolved,1.0,15.766666666666667,46.5,1521.0,4488.0,31.399999999999995,33.4,15.4,45.5,1.0,1.0,1,LOW_11,8999,17.76864096010668,1599.0
Rucua,BX-01 Starter Dran Sword 3-60F,Starter,Takara Tomy,799.0,MXN,InStock,1,1,1,1,0,1,1,0,"BEYBLADE X es un deporte competitivo de gran velocidad y batallas extremas mediante su sistema de aceleración X-Dash.
Contenido del producto: Blade (1), Ratchet (1), Bit (1), lanzador de jareta (1), jareta (1), Beycode (1), manual de instrucciones (1).",https://rucua.com/products/bx-01-starter-dran-sword-3-60f,2026-09-21,rucua_bx-01-starter-dran-sword-3-60f,BX-01,3-60,F,Dran Sword,matched,resolved,1.0,17.166666666666668,46.5,1658.3333333333333,4488.0,28.099999999999998,33.4,16.400000000000002,45.5,1.0,1.0,1,LOW_01,4001,19.97000749812547,799.0
Rucua,BX-01 Starter Dran Sword 3-60F,Starter,Takara Tomy,799.0,MXN,InStock,1,1,1,1,0,1,1,0,"BEYBLADE X es un deporte competitivo de gran velocidad y batallas extremas mediante su sistema de aceleración X-Dash.
Contenido del producto: Blade (1), Ratchet (1), Bit (1), lanzador de jareta (1), jareta (1), Beycode (1), manual de instrucciones (1).",https://rucua.com/products/bx-01-starter-dran-sword-3-60f,2026-09-21,rucua_bx-01-starter-dran-sword-3-60f,BX-01,3-60,F,Dran Sword,matched,resolved,1.0,17.166666666666668,46.5,1658.3333333333333,4488.0,28.099999999999998,33.4,16.400000000000002,45.5,1.0,1.0,1,LOW_02,4500,17.755555555555556,799.0
Rucua,BX-01 Starter Dran Sword 3-60F,Starter,Takara Tomy,799.0,MXN,InStock,1,1,1,1,0,1,1,0,"BEYBLADE X es un deporte competitivo de gran velocidad y batallas extremas mediante su sistema de aceleración X-Dash.
Contenido del producto: Blade (1), Ratchet (1), Bit (1), lanzador de jareta (1), jareta (1), Beycode (1), manual de instrucciones (1).",https://rucua.com/products/bx-01-starter-dran-sword-3-60f,2026-09-21,rucua_bx-01-starter-dran-sword-3-60f,BX-01,3-60,F,Dran Sword,matched,resolved,1.0,17.166666666666668,46.5,1658.3333333333333,4488.0,28.099999999999998,33.4,16.400000000000002,45.5,1.0,1.0,1,LOW_03,5000,15.98,799.0
Rucua,BX-01 Starter Dran Sword 3-60F,Starter,Takara Tomy,799.0,MXN,InStock,1,1,1,1,0,1,1,0,"BEYBLADE X es un deporte competitivo de gran velocidad y batallas extremas mediante su sistema de aceleración X-Dash.
Contenido del producto: Blade (1), Ratchet (1), Bit (1), lanzador de jareta (1), jareta (1), Beycode (1), manual de instrucciones (1).",https://rucua.com/products/bx-01-starter-dran-sword-3-60f,2026-09-21,rucua_bx-01-starter-dran-sword-3-60f,BX-01,3-60,F,Dran Sword,matched,resolved,1.0,17.166666666666668,46.5,1658.3333333333333,4488.0,28.099999999999998,33.4,16.400000000000002,45.5,1.0,1.0,1,LOW_04,5500,14.527272727272727,799.0
Rucua,BX-01 Starter Dran Sword 3-60F,Starter,Takara Tomy,799.0,MXN,InStock,1,1,1,1,0,1,1,0,"BEYBLADE X es un deporte competitivo de gran velocidad y batallas extremas mediante su sistema de aceleración X-Dash.
Contenido del producto: Blade (1), Ratchet (1), Bit (1), lanzador de jareta (1), jareta (1), Beycode (1), manual de instrucciones (1).",https://rucua.com/products/bx-01-starter-dran-sword-3-60f,2026-09-21,rucua_bx-01-starter-dran-sword-3-60f,BX-01,3-60,F,Dran Sword,matched,resolved,1.0,17.166666666666668,46.5,1658.3333333333333,4488.0,28.099999999999998,33.4,16.400000000000002,45.5,1.0,1.0,1,LOW_05,6000,13.316666666666666,799.0
Rucua,BX-01 Starter Dran Sword 3-60F,Starter,Takara Tomy,799.0,MXN,InStock,1,1,1,1,0,1,1,0,"BEYBLADE X es un deporte competitivo de gran velocidad y batallas extremas mediante su sistema de aceleración X-Dash.
Contenido del producto: Blade (1), Ratchet (1), Bit (1), lanzador de jareta (1), jareta (1), Beycode (1), manual de instrucciones (1).",https://rucua.com/products/bx-01-starter-dran-sword-3-60f,2026-09-21,rucua_bx-01-starter-dran-sword-3-60f,BX-01,3-60,F,Dran Sword,matched,resolved,1.0,17.166666666666668,46.5,1658.3333333333333,4488.0,28.099999999999998,33.4,16.400000000000002,45.5,1.0,1.0,1,LOW_06,6500,12.292307692307693,799.0
Rucua,BX-01 Starter Dran Sword 3-60F,Starter,Takara Tomy,799.0,MXN,InStock,1,1,1,1,0,1,1,0,"BEYBLADE X es un deporte competitivo de gran velocidad y batallas extremas mediante su sistema de aceleración X-Dash.
Contenido del producto: Blade (1), Ratchet (1), Bit (1), lanzador de jareta (1), jareta (1), Beycode (1), manual de instrucciones (1).",https://rucua.com/products/bx-01-starter-dran-sword-3-60f,2026-09-21,rucua_bx-01-starter-dran-sword-3-60f,BX-01,3-60,F,Dran Sword,matched,resolved,1.0,17.166666666666668,46.5,1658.3333333333333,4488.0,28.099999999999998,33.4,16.400000000000002,45.5,1.0,1.0,1,LOW_07,7000,11.414285714285715,799.0
Rucua,BX-01 Starter Dran Sword 3-60F,Starter,Takara Tomy,799.0,MXN,InStock,1,1,1,1,0,1,1,0,"BEYBLADE X es un deporte competitivo de gran velocidad y batallas extremas mediante su sistema de aceleración X-Dash.
Contenido del producto: Blade (1), Ratchet (1), Bit (1), lanzador de jareta (1), jareta (1), Beycode (1), manual de instrucciones (1).",https://rucua.com/products/bx-01-starter-dran-sword-3-60f,2026-09-21,rucua_bx-01-starter-dran-sword-3-60f,BX-01,3-60,F,Dran Sword,matched,resolved,1.0,17.166666666666668,46.5,1658.3333333333333,4488.0,28.099999999999998,33.4,16.400000000000002,45.5,1.0,1.0,1,LOW_08,7500,10.653333333333332,799.0
Rucua,BX-01 Starter Dran Sword 3-60F,Starter,Takara Tomy,799.0,MXN,InStock,1,1,1,1,0,1,1,0,"BEYBLADE X es un deporte competitivo de gran velocidad y batallas extremas mediante su sistema de aceleración X-Dash.
Contenido del producto: Blade (1), Ratchet (1), Bit (1), lanzador de jareta (1), jareta (1), Beycode (1), manual de instrucciones (1).",https://rucua.com/products/bx-01-starter-dran-sword-3-60f,2026-09-21,rucua_bx-01-starter-dran-sword-3-60f,BX-01,3-60,F,Dran Sword,matched,resolved,1.0,17.166666666666668,46.5,1658.3333333333333,4488.0,28.099999999999998,33.4,16.400000000000002,45.5,1.0,1.0,1,LOW_09,8000,9.9875,799.0
Rucua,BX-01 Starter Dran Sword 3-60F,Starter,Takara Tomy,799.0,MXN,InStock,1,1,1,1,0,1,1,0,"BEYBLADE X es un deporte competitivo de gran velocidad y batallas extremas mediante su sistema de aceleración X-Dash.
Contenido del producto: Blade (1), Ratchet (1), Bit (1), lanzador de jareta (1), jareta (1), Beycode (1), manual de instrucciones (1).",https://rucua.com/products/bx-01-starter-dran-sword-3-60f,2026-09-21,rucua_bx-01-starter-dran-sword-3-60f,BX-01,3-60,F,Dran Sword,matched,resolved,1.0,17.166666666666668,46.5,1658.3333333333333,4488.0,28.099999999999998,33.4,16.400000000000002,45.5,1.0,1.0,1,LOW_10,8500,9.4,799.0
Rucua,BX-01 Starter Dran Sword 3-60F,Starter,Takara Tomy,799.0,MXN,InStock,1,1,1,1,0,1,1,0,"BEYBLADE X es un deporte competitivo de gran velocidad y batallas extremas mediante su sistema de aceleración X-Dash.
Contenido del producto: Blade (1), Ratchet (1), Bit (1), lanzador de jareta (1), jareta (1), Beycode (1), manual de instrucciones (1).",https://rucua.com/products/bx-01-starter-dran-sword-3-60f,2026-09-21,rucua_bx-01-starter-dran-sword-3-60f,BX-01,3-60,F,Dran Sword,matched,resolved,1.0,17.166666666666668,46.5,1658.3333333333333,4488.0,28.099999999999998,33.4,16.400000000000002,45.5,1.0,1.0,1,LOW_11,8999,8.87876430714524,799.0
Rucua,BX-02 Starter Hells Scythe 4-60T,Starter,Takara Tomy,799.0,MXN,InStock,1,1,1,1,0,1,1,0,"BEYBLADE X es un deporte competitivo de gran velocidad y batallas extremas mediante su sistema de aceleración X-Dash.
Contenido del producto: Blade (1), Ratchet (1), Bit (1), lanzador de jareta (1), jareta (1), Beycode (1), manual de instrucciones (1).",https://rucua.com/products/bx-02-starter-hells-scythe-4-60t,2026-09-21,rucua_bx-02-starter-hells-scythe-4-60t,BX-02,4-60,T,Hells Scythe,matched,resolved,1.0,3.9333333333333336,6.2,379.6666666666667,602.0,30.066666666666666,32.7,3.466666666666667,5.5,1.0,1.0,1,LOW_01,4001,19.97000749812547,799.0
Rucua,BX-02 Starter Hells Scythe 4-60T,Starter,Takara Tomy,799.0,MXN,InStock,1,1,1,1,0,1,1,0,"BEYBLADE X es un deporte competitivo de gran velocidad y batallas extremas mediante su sistema de aceleración X-Dash.
Contenido del producto: Blade (1), Ratchet (1), Bit (1), lanzador de jareta (1), jareta (1), Beycode (1), manual de instrucciones (1).",https://rucua.com/products/bx-02-starter-hells-scythe-4-60t,2026-09-21,rucua_bx-02-starter-hells-scythe-4-60t,BX-02,4-60,T,Hells Scythe,matched,resolved,1.0,3.9333333333333336,6.2,379.6666666666667,602.0,30.066666666666666,32.7,3.466666666666667,5.5,1.0,1.0,1,LOW_02,4500,17.755555555555556,799.0
Rucua,BX-02 Starter Hells Scythe 4-60T,Starter,Takara Tomy,799.0,MXN,InStock,1,1,1,1,0,1,1,0,"BEYBLADE X es un deporte competitivo de gran velocidad y batallas extremas mediante su sistema de aceleración X-Dash.
Contenido del producto: Blade (1), Ratchet (1), Bit (1), lanzador de jareta (1), jareta (1), Beycode (1), manual de instrucciones (1).",https://rucua.com/products/bx-02-starter-hells-scythe-4-60t,2026-09-21,rucua_bx-02-starter-hells-scythe-4-60t,BX-02,4-60,T,Hells Scythe,matched,resolved,1.0,3.9333333333333336,6.2,379.6666666666667,602.0,30.066666666666666,32.7,3.466666666666667,5.5,1.0,1.0,1,LOW_03,5000,15.98,799.0
Rucua,BX-02 Starter Hells Scythe 4-60T,Starter,Takara Tomy,799.0,MXN,InStock,1,1,1,1,0,1,1,0,"BEYBLADE X es un deporte competitivo de gran velocidad y batallas extremas mediante su sistema de aceleración X-Dash.
Contenido del producto: Blade (1), Ratchet (1), Bit (1), lanzador de jareta (1), jareta (1), Beycode (1), manual de instrucciones (1).",https://rucua.com/products/bx-02-starter-hells-scythe-4-60t,2026-09-21,rucua_bx-02-starter-hells-scythe-4-60t,BX-02,4-60,T,Hells Scythe,matched,resolved,1.0,3.9333333333333336,6.2,379.6666666666667,602.0,30.066666666666666,32.7,3.466666666666667,5.5,1.0,1.0,1,LOW_04,5500,14.527272727272727,799.0
Rucua,BX-02 Starter Hells Scythe 4-60T,Starter,Takara Tomy,799.0,MXN,InStock,1,1,1,1,0,1,1,0,"BEYBLADE X es un deporte competitivo de gran velocidad y batallas extremas mediante su sistema de aceleración X-Dash.
Contenido del producto: Blade (1), Ratchet (1), Bit (1), lanzador de jareta (1), jareta (1), Beycode (1), manual de instrucciones (1).",https://rucua.com/products/bx-02-starter-hells-scythe-4-60t,2026-09-21,rucua_bx-02-starter-hells-scythe-4-60t,BX-02,4-60,T,Hells Scythe,matched,resolved,1.0,3.9333333333333336,6.2,379.6666666666667,602.0,30.066666666666666,32.7,3.466666666666667,5.5,1.0,1.0,1,LOW_05,6000,13.316666666666666,799.0
Rucua,BX-02 Starter Hells Scythe 4-60T,Starter,Takara Tomy,799.0,MXN,InStock,1,1,1,1,0,1,1,0,"BEYBLADE X es un deporte competitivo de gran velocidad y batallas extremas mediante su sistema de aceleración X-Dash.
Contenido del producto: Blade (1), Ratchet (1), Bit (1), lanzador de jareta (1), jareta (1), Beycode (1), manual de instrucciones (1).",https://rucua.com/products/bx-02-starter-hells-scythe-4-60t,2026-09-21,rucua_bx-02-starter-hells-scythe-4-60t,BX-02,4-60,T,Hells Scythe,matched,resolved,1.0,3.9333333333333336,6.2,379.6666666666667,602.0,30.066666666666666,32.7,3.466666666666667,5.5,1.0,1.0,1,LOW_06,6500,12.292307692307693,799.0
Rucua,BX-02 Starter Hells Scythe 4-60T,Starter,Takara Tomy,799.0,MXN,InStock,1,1,1,1,0,1,1,0,"BEYBLADE X es un deporte competitivo de gran velocidad y batallas extremas mediante su sistema de aceleración X-Dash.
Contenido del producto: Blade (1), Ratchet (1), Bit (1), lanzador de jareta (1), jareta (1), Beycode (1), manual de instrucciones (1).",https://rucua.com/products/bx-02-starter-hells-scythe-4-60t,2026-09-21,rucua_bx-02-starter-hells-scythe-4-60t,BX-02,4-60,T,Hells Scythe,matched,resolved,1.0,3.9333333333333336,6.2,379.6666666666667,602.0,30.066666666666666,32.7,3.466666666666667,5.5,1.0,1.0,1,LOW_07,7000,11.414285714285715,799.0
Rucua,BX-02 Starter Hells Scythe 4-60T,Starter,Takara Tomy,799.0,MXN,InStock,1,1,1,1,0,1,1,0,"BEYBLADE X es un deporte competitivo de gran velocidad y batallas extremas mediante su sistema de aceleración X-Dash.
Contenido del producto: Blade (1), Ratchet (1), Bit (1), lanzador de jareta (1), jareta (1), Beycode (1), manual de instrucciones (1).",https://rucua.com/products/bx-02-starter-hells-scythe-4-60t,2026-09-21,rucua_bx-02-starter-hells-scythe-4-60t,BX-02,4-60,T,Hells Scythe,matched,resolved,1.0,3.9333333333333336,6.2,379.6666666666667,602.0,30.066666666666666,32.7,3.466666666666667,5.5,1.0,1.0,1,LOW_08,7500,10.653333333333332,799.0
Rucua,BX-02 Starter Hells Scythe 4-60T,Starter,Takara Tomy,799.0,MXN,InStock,1,1,1,1,0,1,1,0,"BEYBLADE X es un deporte competitivo de gran velocidad y batallas extremas mediante su sistema de aceleración X-Dash.
Contenido del producto: Blade (1), Ratchet (1), Bit (1), lanzador de jareta (1), jareta (1), Beycode (1), manual de instrucciones (1).",https://rucua.com/products/bx-02-starter-hells-scythe-4-60t,2026-09-21,rucua_bx-02-starter-hells-scythe-4-60t,BX-02,4-60,T,Hells Scythe,matched,resolved,1.0,3.9333333333333336,6.2,379.6666666666667,602.0,30.066666666666666,32.7,3.466666666666667,5.5,1.0,1.0,1,LOW_09,8000,9.9875,799.0
Rucua,BX-02 Starter Hells Scythe 4-60T,Starter,Takara Tomy,799.0,MXN,InStock,1,1,1,1,0,1,1,0,"BEYBLADE X es un deporte competitivo de gran velocidad y batallas extremas mediante su sistema de aceleración X-Dash.
Contenido del producto: Blade (1), Ratchet (1), Bit (1), lanzador de jareta (1), jareta (1), Beycode (1), manual de instrucciones (1).",https://rucua.com/products/bx-02-starter-hells-scythe-4-60t,2026-09-21,rucua_bx-02-starter-hells-scythe-4-60t,BX-02,4-60,T,Hells Scythe,matched,resolved,1.0,3.9333333333333336,6.2,379.6666666666667,602.0,30.066666666666666,32.7,3.466666666666667,5.5,1.0,1.0,1,LOW_10,8500,9.4,799.0
Rucua,BX-02 Starter Hells Scythe 4-60T,Starter,Takara Tomy,799.0,MXN,InStock,1,1,1,1,0,1,1,0,"BEYBLADE X es un deporte competitivo de gran velocidad y batallas extremas mediante su sistema de aceleración X-Dash.
Contenido del producto: Blade (1), Ratchet (1), Bit (1), lanzador de jareta (1), jareta (1), Beycode (1), manual de instrucciones (1).",https://rucua.com/products/bx-02-starter-hells-scythe-4-60t,2026-09-21,rucua_bx-02-starter-hells-scythe-4-60t,BX-02,4-60,T,Hells Scythe,matched,resolved,1.0,3.9333333333333336,6.2,379.6666666666667,602.0,30.066666666666666,32.7,3.466666666666667,5.5,1.0,1.0,1,LOW_11,8999,8.87876430714524,799.0
Rucua,BX-03 Starter Wizard Arrow 4-80B,Starter,Takara Tomy,799.0,MXN,OutOfStock,1,1,1,1,0,1,1,0,"BEYBLADE X es un deporte competitivo de gran velocidad y batallas extremas mediante su sistema de aceleración X-Dash.
Contenido del producto: Blade (1), Ratchet (1), Bit (1), lanzador de jareta (1), jareta (1), Beycode (1), manual de instrucciones (1).",https://rucua.com/products/bx-03-starter-wizard-arrow-4-80b,2026-09-21,rucua_bx-03-starter-wizard-arrow-4-80b,BX-03,4-80,B,Wizard Arrow,matched,resolved,1.0,6.333333333333333,17.7,610.3333333333334,1713.0,26.900000000000002,34.2,6.199999999999999,17.7,1.0,1.0,0,LOW_01,4001,19.97000749812547,799.0
Rucua,BX-03 Starter Wizard Arrow 4-80B,Starter,Takara Tomy,799.0,MXN,OutOfStock,1,1,1,1,0,1,1,0,"BEYBLADE X es un deporte competitivo de gran velocidad y batallas extremas mediante su sistema de aceleración X-Dash.
Contenido del producto: Blade (1), Ratchet (1), Bit (1), lanzador de jareta (1), jareta (1), Beycode (1), manual de instrucciones (1).",https://rucua.com/products/bx-03-starter-wizard-arrow-4-80b,2026-09-21,rucua_bx-03-starter-wizard-arrow-4-80b,BX-03,4-80,B,Wizard Arrow,matched,resolved,1.0,6.333333333333333,17.7,610.3333333333334,1713.0,26.900000000000002,34.2,6.199999999999999,17.7,1.0,1.0,0,LOW_02,4500,17.755555555555556,799.0
Rucua,BX-03 Starter Wizard Arrow 4-80B,Starter,Takara Tomy,799.0,MXN,OutOfStock,1,1,1,1,0,1,1,0,"BEYBLADE X es un deporte competitivo de gran velocidad y batallas extremas mediante su sistema de aceleración X-Dash.
Contenido del producto: Blade (1), Ratchet (1), Bit (1), lanzador de jareta (1), jareta (1), Beycode (1), manual de instrucciones (1).",https://rucua.com/products/bx-03-starter-wizard-arrow-4-80b,2026-09-21,rucua_bx-03-starter-wizard-arrow-4-80b,BX-03,4-80,B,Wizard Arrow,matched,resolved,1.0,6.333333333333333,17.7,610.3333333333334,1713.0,26.900000000000002,34.2,6.199999999999999,17.7,1.0,1.0,0,LOW_03,5000,15.98,799.0
Rucua,BX-03 Starter Wizard Arrow 4-80B,Starter,Takara Tomy,799.0,MXN,OutOfStock,1,1,1,1,0,1,1,0,"BEYBLADE X es un deporte competitivo de gran velocidad y batallas extremas mediante su sistema de aceleración X-Dash.
Contenido del producto: Blade (1), Ratchet (1), Bit (1), lanzador de jareta (1), jareta (1), Beycode (1), manual de instrucciones (1).",https://rucua.com/products/bx-03-starter-wizard-arrow-4-80b,2026-09-21,rucua_bx-03-starter-wizard-arrow-4-80b,BX-03,4-80,B,Wizard Arrow,matched,resolved,1.0,6.333333333333333,17.7,610.3333333333334,1713.0,26.900000000000002,34.2,6.199999999999999,17.7,1.0,1.0,0,LOW_04,5500,14.527272727272727,799.0
Rucua,BX-03 Starter Wizard Arrow 4-80B,Starter,Takara Tomy,799.0,MXN,OutOfStock,1,1,1,1,0,1,1,0,"BEYBLADE X es un deporte competitivo de gran velocidad y batallas extremas mediante su sistema de aceleración X-Dash.
Contenido del producto: Blade (1), Ratchet (1), Bit (1), lanzador de jareta (1), jareta (1), Beycode (1), manual de instrucciones (1).",https://rucua.com/products/bx-03-starter-wizard-arrow-4-80b,2026-09-21,rucua_bx-03-starter-wizard-arrow-4-80b,BX-03,4-80,B,Wizard Arrow,matched,resolved,1.0,6.333333333333333,17.7,610.3333333333334,1713.0,26.900000000000002,34.2,6.199999999999999,17.7,1.0,1.0,0,LOW_05,6000,13.316666666666666,799.0
Rucua,BX-03 Starter Wizard Arrow 4-80B,Starter,Takara Tomy,799.0,MXN,OutOfStock,1,1,1,1,0,1,1,0,"BEYBLADE X es un deporte competitivo de gran velocidad y batallas extremas mediante su sistema de aceleración X-Dash.
Contenido del producto: Blade (1), Ratchet (1), Bit (1), lanzador de jareta (1), jareta (1), Beycode (1), manual de instrucciones (1).",https://rucua.com/products/bx-03-starter-wizard-arrow-4-80b,2026-09-21,rucua_bx-03-starter-wizard-arrow-4-80b,BX-03,4-80,B,Wizard Arrow,matched,resolved,1.0,6.333333333333333,17.7,610.3333333333334,1713.0,26.900000000000002,34.2,6.199999999999999,17.7,1.0,1.0,0,LOW_06,6500,12.292307692307693,799.0
Rucua,BX-03 Starter Wizard Arrow 4-80B,Starter,Takara Tomy,799.0,MXN,OutOfStock,1,1,1,1,0,1,1,0,"BEYBLADE X es un deporte competitivo de gran velocidad y batallas extremas mediante su sistema de aceleración X-Dash.
Contenido del producto: Blade (1), Ratchet (1), Bit (1), lanzador de jareta (1), jareta (1), Beycode (1), manual de instrucciones (1).",https://rucua.com/products/bx-03-starter-wizard-arrow-4-80b,2026-09-21,rucua_bx-03-starter-wizard-arrow-4-80b,BX-03,4-80,B,Wizard Arrow,matched,resolved,1.0,6.333333333333333,17.7,610.3333333333334,1713.0,26.900000000000002,34.2,6.199999999999999,17.7,1.0,1.0,0,LOW_07,7000,11.414285714285715,799.0
Rucua,BX-03 Starter Wizard Arrow 4-80B,Starter,Takara Tomy,799.0,MXN,OutOfStock,1,1,1,1,0,1,1,0,"BEYBLADE X es un deporte competitivo de gran velocidad y batallas extremas mediante su sistema de aceleración X-Dash.
Contenido del producto: Blade (1), Ratchet (1), Bit (1), lanzador de jareta (1), jareta (1), Beycode (1), manual de instrucciones (1).",https://rucua.com/products/bx-03-starter-wizard-arrow-4-80b,2026-09-21,rucua_bx-03-starter-wizard-arrow-4-80b,BX-03,4-80,B,Wizard Arrow,matched,resolved,1.0,6.333333333333333,17.7,610.3333333333334,1713.0,26.900000000000002,34.2,6.199999999999999,17.7,1.0,1.0,0,LOW_08,7500,10.653333333333332,799.0
Rucua,BX-03 Starter Wizard Arrow 4-80B,Starter,Takara Tomy,799.0,MXN,OutOfStock,1,1,1,1,0,1,1,0,"BEYBLADE X es un deporte competitivo de gran velocidad y batallas extremas mediante su sistema de aceleración X-Dash.
Contenido del producto: Blade (1), Ratchet (1), Bit (1), lanzador de jareta (1), jareta (1), Beycode (1), manual de instrucciones (1).",https://rucua.com/products/bx-03-starter-wizard-arrow-4-80b,2026-09-21,rucua_bx-03-starter-wizard-arrow-4-80b,BX-03,4-80,B,Wizard Arrow,matched,resolved,1.0,6.333333333333333,17.7,610.3333333333334,1713.0,26.900000000000002,34.2,6.199999999999999,17.7,1.0,1.0,0,LOW_09,8000,9.9875,799.0
Rucua,BX-03 Starter Wizard Arrow 4-80B,Starter,Takara Tomy,799.0,MXN,OutOfStock,1,1,1,1,0,1,1,0,"BEYBLADE X es un deporte competitivo de gran velocidad y batallas extremas mediante su sistema de aceleración X-Dash.
Contenido del producto: Blade (1), Ratchet (1), Bit (1), lanzador de jareta (1), jareta (1), Beycode (1), manual de instrucciones (1).",https://rucua.com/products/bx-03-starter-wizard-arrow-4-80b,2026-09-21,rucua_bx-03-starter-wizard-arrow-4-80b,BX-03,4-80,B,Wizard Arrow,matched,resolved,1.0,6.333333333333333,17.7,610.3333333333334,1713.0,26.900000000000002,34.2,6.199999999999999,17.7,1.0,1.0,0,LOW_10,8500,9.4,799.0
Rucua,BX-03 Starter Wizard Arrow 4-80B,Starter,Takara Tomy,799.0,MXN,OutOfStock,1,1,1,1,0,1,1,0,"BEYBLADE X es un deporte competitivo de gran velocidad y batallas extremas mediante su sistema de aceleración X-Dash.
Contenido del producto: Blade (1), Ratchet (1), Bit (1), lanzador de jareta (1), jareta (1), Beycode (1), manual de instrucciones (1).",https://rucua.com/products/bx-03-starter-wizard-arrow-4-80b,2026-09-21,rucua_bx-03-starter-wizard-arrow-4-80b,BX-03,4-80,B,Wizard Arrow,matched,resolved,1.0,6.333333333333333,17.7,610.3333333333334,1713.0,26.900000000000002,34.2,6.199999999999999,17.7,1.0,1.0,0,LOW_11,8999,8.87876430714524,799.0
Rucua,BX-04 Starter Knight Shield 3-80N,Starter,Takara Tomy,799.0,MXN,InStock,1,1,1,1,0,1,1,0,"BEYBLADE X es un deporte competitivo de gran velocidad y batallas extremas mediante su sistema de aceleración X-Dash.
Contenido del producto: Blade (1), Ratchet (1), Bit (1), lanzador de jareta (1), jareta (1), Beycode (1), manual de instrucciones (1).",https://rucua.com/products/bx-04-starter-knight-shield-3-80n,2026-09-21,rucua_bx-04-starter-knight-shield-3-80n,BX-04,3-80,N,Knight Shield,matched,resolved,1.0,1.1,1.6,105.66666666666667,152.0,29.433333333333334,34.3,0.9333333333333332,1.2,1.0,1.0,1,LOW_01,4001,19.97000749812547,799.0
Rucua,BX-04 Starter Knight Shield 3-80N,Starter,Takara Tomy,799.0,MXN,InStock,1,1,1,1,0,1,1,0,"BEYBLADE X es un deporte competitivo de gran velocidad y batallas extremas mediante su sistema de aceleración X-Dash.
Contenido del producto: Blade (1), Ratchet (1), Bit (1), lanzador de jareta (1), jareta (1), Beycode (1), manual de instrucciones (1).",https://rucua.com/products/bx-04-starter-knight-shield-3-80n,2026-09-21,rucua_bx-04-starter-knight-shield-3-80n,BX-04,3-80,N,Knight Shield,matched,resolved,1.0,1.1,1.6,105.66666666666667,152.0,29.433333333333334,34.3,0.9333333333333332,1.2,1.0,1.0,1,LOW_02,4500,17.755555555555556,799.0
Rucua,BX-04 Starter Knight Shield 3-80N,Starter,Takara Tomy,799.0,MXN,InStock,1,1,1,1,0,1,1,0,"BEYBLADE X es un deporte competitivo de gran velocidad y batallas extremas mediante su sistema de aceleración X-Dash.
Contenido del producto: Blade (1), Ratchet (1), Bit (1), lanzador de jareta (1), jareta (1), Beycode (1), manual de instrucciones (1).",https://rucua.com/products/bx-04-starter-knight-shield-3-80n,2026-09-21,rucua_bx-04-starter-knight-shield-3-80n,BX-04,3-80,N,Knight Shield,matched,resolved,1.0,1.1,1.6,105.66666666666667,152.0,29.433333333333334,34.3,0.9333333333333332,1.2,1.0,1.0,1,LOW_03,5000,15.98,799.0
Rucua,BX-04 Starter Knight Shield 3-80N,Starter,Takara Tomy,799.0,MXN,InStock,1,1,1,1,0,1,1,0,"BEYBLADE X es un deporte competitivo de gran velocidad y batallas extremas mediante su sistema de aceleración X-Dash.
Contenido del producto: Blade (1), Ratchet (1), Bit (1), lanzador de jareta (1), jareta (1), Beycode (1), manual de instrucciones (1).",https://rucua.com/products/bx-04-starter-knight-shield-3-80n,2026-09-21,rucua_bx-04-starter-knight-shield-3-80n,BX-04,3-80,N,Knight Shield,matched,resolved,1.0,1.1,1.6,105.66666666666667,152.0,29.433333333333334,34.3,0.9333333333333332,1.2,1.0,1.0,1,LOW_04,5500,14.527272727272727,799.0
Rucua,BX-04 Starter Knight Shield 3-80N,Starter,Takara Tomy,799.0,MXN,InStock,1,1,1,1,0,1,1,0,"BEYBLADE X es un deporte competitivo de gran velocidad y batallas extremas mediante su sistema de aceleración X-Dash.
Contenido del producto: Blade (1), Ratchet (1), Bit (1), lanzador de jareta (1), jareta (1), Beycode (1), manual de instrucciones (1).",https://rucua.com/products/bx-04-starter-knight-shield-3-80n,2026-09-21,rucua_bx-04-starter-knight-shield-3-80n,BX-04,3-80,N,Knight Shield,matched,resolved,1.0,1.1,1.6,105.66666666666667,152.0,29.433333333333334,34.3,0.9333333333333332,1.2,1.0,1.0,1,LOW_05,6000,13.316666666666666,799.0
Rucua,BX-04 Starter Knight Shield 3-80N,Starter,Takara Tomy,799.0,MXN,InStock,1,1,1,1,0,1,1,0,"BEYBLADE X es un deporte competitivo de gran velocidad y batallas extremas mediante su sistema de aceleración X-Dash.
Contenido del producto: Blade (1), Ratchet (1), Bit (1), lanzador de jareta (1), jareta (1), Beycode (1), manual de instrucciones (1).",https://rucua.com/products/bx-04-starter-knight-shield-3-80n,2026-09-21,rucua_bx-04-starter-knight-shield-3-80n,BX-04,3-80,N,Knight Shield,matched,resolved,1.0,1.1,1.6,105.66666666666667,152.0,29.433333333333334,34.3,0.9333333333333332,1.2,1.0,1.0,1,LOW_06,6500,12.292307692307693,799.0
Rucua,BX-04 Starter Knight Shield 3-80N,Starter,Takara Tomy,799.0,MXN,InStock,1,1,1,1,0,1,1,0,"BEYBLADE X es un deporte competitivo de gran velocidad y batallas extremas mediante su sistema de aceleración X-Dash.
Contenido del producto: Blade (1), Ratchet (1), Bit (1), lanzador de jareta (1), jareta (1), Beycode (1), manual de instrucciones (1).",https://rucua.com/products/bx-04-starter-knight-shield-3-80n,2026-09-21,rucua_bx-04-starter-knight-shield-3-80n,BX-04,3-80,N,Knight Shield,matched,resolved,1.0,1.1,1.6,105.66666666666667,152.0,29.433333333333334,34.3,0.9333333333333332,1.2,1.0,1.0,1,LOW_07,7000,11.414285714285715,799.0
Rucua,BX-04 Starter Knight Shield 3-80N,Starter,Takara Tomy,799.0,MXN,InStock,1,1,1,1,0,1,1,0,"BEYBLADE X es un deporte competitivo de gran velocidad y batallas extremas mediante su sistema de aceleración X-Dash.
Contenido del producto: Blade (1), Ratchet (1), Bit (1), lanzador de jareta (1), jareta (1), Beycode (1), manual de instrucciones (1).",https://rucua.com/products/bx-04-starter-knight-shield-3-80n,2026-09-21,rucua_bx-04-starter-knight-shield-3-80n,BX-04,3-80,N,Knight Shield,matched,resolved,1.0,1.1,1.6,105.66666666666667,152.0,29.433333333333334,34.3,0.9333333333333332,1.2,1.0,1.0,1,LOW_08,7500,10.653333333333332,799.0
Rucua,BX-04 Starter Knight Shield 3-80N,Starter,Takara Tomy,799.0,MXN,InStock,1,1,1,1,0,1,1,0,"BEYBLADE X es un deporte competitivo de gran velocidad y batallas extremas mediante su sistema de aceleración X-Dash.
Contenido del producto: Blade (1), Ratchet (1), Bit (1), lanzador de jareta (1), jareta (1), Beycode (1), manual de instrucciones (1).",https://rucua.com/products/bx-04-starter-knight-shield-3-80n,2026-09-21,rucua_bx-04-starter-knight-shield-3-80n,BX-04,3-80,N,Knight Shield,matched,resolved,1.0,1.1,1.6,105.66666666666667,152.0,29.433333333333334,34.3,0.9333333333333332,1.2,1.0,1.0,1,LOW_09,8000,9.9875,799.0
Rucua,BX-04 Starter Knight Shield 3-80N,Starter,Takara Tomy,799.0,MXN,InStock,1,1,1,1,0,1,1,0,"BEYBLADE X es un deporte competitivo de gran velocidad y batallas extremas mediante su sistema de aceleración X-Dash.
Contenido del producto: Blade (1), Ratchet (1), Bit (1), lanzador de jareta (1), jareta (1), Beycode (1), manual de instrucciones (1).",https://rucua.com/products/bx-04-starter-knight-shield-3-80n,2026-09-21,rucua_bx-04-starter-knight-shield-3-80n,BX-04,3-80,N,Knight Shield,matched,resolved,1.0,1.1,1.6,105.66666666666667,152.0,29.433333333333334,34.3,0.9333333333333332,1.2,1.0,1.0,1,LOW_10,8500,9.4,799.0
Rucua,BX-04 Starter Knight Shield 3-80N,Starter,Takara Tomy,799.0,MXN,InStock,1,1,1,1,0,1,1,0,"BEYBLADE X es un deporte competitivo de gran velocidad y batallas extremas mediante su sistema de aceleración X-Dash.
Contenido del producto: Blade (1), Ratchet (1), Bit (1), lanzador de jareta (1), jareta (1), Beycode (1), manual de instrucciones (1).",https://rucua.com/products/bx-04-starter-knight-shield-3-80n,2026-09-21,rucua_bx-04-starter-knight-shield-3-80n,BX-04,3-80,N,Knight Shield,matched,resolved,1.0,1.1,1.6,105.66666666666667,152.0,29.433333333333334,34.3,0.9333333333333332,1.2,1.0,1.0,1,LOW_11,8999,8.87876430714524,799.0
Rucua,BX-05 Booster Wizard Arrow 4-80B,Booster,Takara Tomy,599.0,MXN,InStock,1,1,1,0,0,1,0,0,"BEYBLADE X es un gear sport que presenta batallas extremas con increíble velocidad e impacto gracias a su truco de superaceleración, X-Dash.
Contenido del producto: Blade (1), Ratchet (1), Bit (1), Beycode (1), manual de instrucciones (1).",https://rucua.com/products/bx-05-booster-wizard-arrow-4-80b,2026-09-21,rucua_bx-05-booster-wizard-arrow-4-80b,BX-05,4-80,B,Wizard Arrow,matched,resolved,1.0,6.333333333333333,17.7,610.3333333333334,1713.0,26.900000000000002,34.2,6.199999999999999,17.7,1.0,1.0,1,LOW_01,4001,14.971257185703573,599.0
Rucua,BX-05 Booster Wizard Arrow 4-80B,Booster,Takara Tomy,599.0,MXN,InStock,1,1,1,0,0,1,0,0,"BEYBLADE X es un gear sport que presenta batallas extremas con increíble velocidad e impacto gracias a su truco de superaceleración, X-Dash.
Contenido del producto: Blade (1), Ratchet (1), Bit (1), Beycode (1), manual de instrucciones (1).",https://rucua.com/products/bx-05-booster-wizard-arrow-4-80b,2026-09-21,rucua_bx-05-booster-wizard-arrow-4-80b,BX-05,4-80,B,Wizard Arrow,matched,resolved,1.0,6.333333333333333,17.7,610.3333333333334,1713.0,26.900000000000002,34.2,6.199999999999999,17.7,1.0,1.0,1,LOW_02,4500,13.311111111111112,599.0
Rucua,BX-05 Booster Wizard Arrow 4-80B,Booster,Takara Tomy,599.0,MXN,InStock,1,1,1,0,0,1,0,0,"BEYBLADE X es un gear sport que presenta batallas extremas con increíble velocidad e impacto gracias a su truco de superaceleración, X-Dash.
Contenido del producto: Blade (1), Ratchet (1), Bit (1), Beycode (1), manual de instrucciones (1).",https://rucua.com/products/bx-05-booster-wizard-arrow-4-80b,2026-09-21,rucua_bx-05-booster-wizard-arrow-4-80b,BX-05,4-80,B,Wizard Arrow,matched,resolved,1.0,6.333333333333333,17.7,610.3333333333334,1713.0,26.900000000000002,34.2,6.199999999999999,17.7,1.0,1.0,1,LOW_03,5000,11.98,599.0
Rucua,BX-05 Booster Wizard Arrow 4-80B,Booster,Takara Tomy,599.0,MXN,InStock,1,1,1,0,0,1,0,0,"BEYBLADE X es un gear sport que presenta batallas extremas con increíble velocidad e impacto gracias a su truco de superaceleración, X-Dash.
Contenido del producto: Blade (1), Ratchet (1), Bit (1), Beycode (1), manual de instrucciones (1).",https://rucua.com/products/bx-05-booster-wizard-arrow-4-80b,2026-09-21,rucua_bx-05-booster-wizard-arrow-4-80b,BX-05,4-80,B,Wizard Arrow,matched,resolved,1.0,6.333333333333333,17.7,610.3333333333334,1713.0,26.900000000000002,34.2,6.199999999999999,17.7,1.0,1.0,1,LOW_04,5500,10.89090909090909,599.0
Rucua,BX-05 Booster Wizard Arrow 4-80B,Booster,Takara Tomy,599.0,MXN,InStock,1,1,1,0,0,1,0,0,"BEYBLADE X es un gear sport que presenta batallas extremas con increíble velocidad e impacto gracias a su truco de superaceleración, X-Dash.
Contenido del producto: Blade (1), Ratchet (1), Bit (1), Beycode (1), manual de instrucciones (1).",https://rucua.com/products/bx-05-booster-wizard-arrow-4-80b,2026-09-21,rucua_bx-05-booster-wizard-arrow-4-80b,BX-05,4-80,B,Wizard Arrow,matched,resolved,1.0,6.333333333333333,17.7,610.3333333333334,1713.0,26.900000000000002,34.2,6.199999999999999,17.7,1.0,1.0,1,LOW_05,6000,9.983333333333333,599.0
Rucua,BX-05 Booster Wizard Arrow 4-80B,Booster,Takara Tomy,599.0,MXN,InStock,1,1,1,0,0,1,0,0,"BEYBLADE X es un gear sport que presenta batallas extremas con increíble velocidad e impacto gracias a su truco de superaceleración, X-Dash.
Contenido del producto: Blade (1), Ratchet (1), Bit (1), Beycode (1), manual de instrucciones (1).",https://rucua.com/products/bx-05-booster-wizard-arrow-4-80b,2026-09-21,rucua_bx-05-booster-wizard-arrow-4-80b,BX-05,4-80,B,Wizard Arrow,matched,resolved,1.0,6.333333333333333,17.7,610.3333333333334,1713.0,26.900000000000002,34.2,6.199999999999999,17.7,1.0,1.0,1,LOW_06,6500,9.215384615384616,599.0
Rucua,BX-05 Booster Wizard Arrow 4-80B,Booster,Takara Tomy,599.0,MXN,InStock,1,1,1,0,0,1,0,0,"BEYBLADE X es un gear sport que presenta batallas extremas con increíble velocidad e impacto gracias a su truco de superaceleración, X-Dash.
Contenido del producto: Blade (1), Ratchet (1), Bit (1), Beycode (1), manual de instrucciones (1).",https://rucua.com/products/bx-05-booster-wizard-arrow-4-80b,2026-09-21,rucua_bx-05-booster-wizard-arrow-4-80b,BX-05,4-80,B,Wizard Arrow,matched,resolved,1.0,6.333333333333333,17.7,610.3333333333334,1713.0,26.900000000000002,34.2,6.199999999999999,17.7,1.0,1.0,1,LOW_07,7000,8.557142857142857,599.0
Rucua,BX-05 Booster Wizard Arrow 4-80B,Booster,Takara Tomy,599.0,MXN,InStock,1,1,1,0,0,1,0,0,"BEYBLADE X es un gear sport que presenta batallas extremas con increíble velocidad e impacto gracias a su truco de superaceleración, X-Dash.
Contenido del producto: Blade (1), Ratchet (1), Bit (1), Beycode (1), manual de instrucciones (1).",https://rucua.com/products/bx-05-booster-wizard-arrow-4-80b,2026-09-21,rucua_bx-05-booster-wizard-arrow-4-80b,BX-05,4-80,B,Wizard Arrow,matched,resolved,1.0,6.333333333333333,17.7,610.3333333333334,1713.0,26.900000000000002,34.2,6.199999999999999,17.7,1.0,1.0,1,LOW_08,7500,7.986666666666667,599.0
Rucua,BX-05 Booster Wizard Arrow 4-80B,Booster,Takara Tomy,599.0,MXN,InStock,1,1,1,0,0,1,0,0,"BEYBLADE X es un gear sport que presenta batallas extremas con increíble velocidad e impacto gracias a su truco de superaceleración, X-Dash.
Contenido del producto: Blade (1), Ratchet (1), Bit (1), Beycode (1), manual de instrucciones (1).",https://rucua.com/products/bx-05-booster-wizard-arrow-4-80b,2026-09-21,rucua_bx-05-booster-wizard-arrow-4-80b,BX-05,4-80,B,Wizard Arrow,matched,resolved,1.0,6.333333333333333,17.7,610.3333333333334,1713.0,26.900000000000002,34.2,6.199999999999999,17.7,1.0,1.0,1,LOW_09,8000,7.4875,599.0
Rucua,BX-05 Booster Wizard Arrow 4-80B,Booster,Takara Tomy,599.0,MXN,InStock,1,1,1,0,0,1,0,0,"BEYBLADE X es un gear sport que presenta batallas extremas con increíble velocidad e impacto gracias a su truco de superaceleración, X-Dash.
Contenido del producto: Blade (1), Ratchet (1), Bit (1), Beycode (1), manual de instrucciones (1).",https://rucua.com/products/bx-05-booster-wizard-arrow-4-80b,2026-09-21,rucua_bx-05-booster-wizard-arrow-4-80b,BX-05,4-80,B,Wizard Arrow,matched,resolved,1.0,6.333333333333333,17.7,610.3333333333334,1713.0,26.900000000000002,34.2,6.199999999999999,17.7,1.0,1.0,1,LOW_10,8500,7.047058823529412,599.0
Rucua,BX-05 Booster Wizard Arrow 4-80B,Booster,Takara Tomy,599.0,MXN,InStock,1,1,1,0,0,1,0,0,"BEYBLADE X es un gear sport que presenta batallas extremas con increíble velocidad e impacto gracias a su truco de superaceleración, X-Dash.
Contenido del producto: Blade (1), Ratchet (1), Bit (1), Beycode (1), manual de instrucciones (1).",https://rucua.com/products/bx-05-booster-wizard-arrow-4-80b,2026-09-21,rucua_bx-05-booster-wizard-arrow-4-80b,BX-05,4-80,B,Wizard Arrow,matched,resolved,1.0,6.333333333333333,17.7,610.3333333333334,1713.0,26.900000000000002,34.2,6.199999999999999,17.7,1.0,1.0,1,LOW_11,8999,6.656295143904877,599.0
Rucua,BX-06 Booster Knight Shield 3-80N,Booster,Takara Tomy,599.0,MXN,InStock,1,1,1,0,0,1,0,0,"BEYBLADE X es un gear sport que presenta batallas extremas con increíble velocidad e impacto gracias a su truco de superaceleración, X-Dash.
Contenido del producto: Blade (1), Ratchet (1), Bit (1), Beycode (1), manual de instrucciones (1).",https://rucua.com/products/bx-06-booster-knight-shield-3-80n,2026-09-21,rucua_bx-06-booster-knight-shield-3-80n,BX-06,3-80,N,Knight Shield,matched,resolved,1.0,1.1,1.6,105.66666666666667,152.0,29.433333333333334,34.3,0.9333333333333332,1.2,1.0,1.0,1,LOW_01,4001,14.971257185703573,599.0
Rucua,BX-06 Booster Knight Shield 3-80N,Booster,Takara Tomy,599.0,MXN,InStock,1,1,1,0,0,1,0,0,"BEYBLADE X es un gear sport que presenta batallas extremas con increíble velocidad e impacto gracias a su truco de superaceleración, X-Dash.
Contenido del producto: Blade (1), Ratchet (1), Bit (1), Beycode (1), manual de instrucciones (1).",https://rucua.com/products/bx-06-booster-knight-shield-3-80n,2026-09-21,rucua_bx-06-booster-knight-shield-3-80n,BX-06,3-80,N,Knight Shield,matched,resolved,1.0,1.1,1.6,105.66666666666667,152.0,29.433333333333334,34.3,0.9333333333333332,1.2,1.0,1.0,1,LOW_02,4500,13.311111111111112,599.0
Rucua,BX-06 Booster Knight Shield 3-80N,Booster,Takara Tomy,599.0,MXN,InStock,1,1,1,0,0,1,0,0,"BEYBLADE X es un gear sport que presenta batallas extremas con increíble velocidad e impacto gracias a su truco de superaceleración, X-Dash.
Contenido del producto: Blade (1), Ratchet (1), Bit (1), Beycode (1), manual de instrucciones (1).",https://rucua.com/products/bx-06-booster-knight-shield-3-80n,2026-09-21,rucua_bx-06-booster-knight-shield-3-80n,BX-06,3-80,N,Knight Shield,matched,resolved,1.0,1.1,1.6,105.66666666666667,152.0,29.433333333333334,34.3,0.9333333333333332,1.2,1.0,1.0,1,LOW_03,5000,11.98,599.0
Rucua,BX-06 Booster Knight Shield 3-80N,Booster,Takara Tomy,599.0,MXN,InStock,1,1,1,0,0,1,0,0,"BEYBLADE X es un gear sport que presenta batallas extremas con increíble velocidad e impacto gracias a su truco de superaceleración, X-Dash.
Contenido del producto: Blade (1), Ratchet (1), Bit (1), Beycode (1), manual de instrucciones (1).",https://rucua.com/products/bx-06-booster-knight-shield-3-80n,2026-09-21,rucua_bx-06-booster-knight-shield-3-80n,BX-06,3-80,N,Knight Shield,matched,resolved,1.0,1.1,1.6,105.66666666666667,152.0,29.433333333333334,34.3,0.9333333333333332,1.2,1.0,1.0,1,LOW_04,5500,10.89090909090909,599.0
Rucua,BX-06 Booster Knight Shield 3-80N,Booster,Takara Tomy,599.0,MXN,InStock,1,1,1,0,0,1,0,0,"BEYBLADE X es un gear sport que presenta batallas extremas con increíble velocidad e impacto gracias a su truco de superaceleración, X-Dash.
Contenido del producto: Blade (1), Ratchet (1), Bit (1), Beycode (1), manual de instrucciones (1).",https://rucua.com/products/bx-06-booster-knight-shield-3-80n,2026-09-21,rucua_bx-06-booster-knight-shield-3-80n,BX-06,3-80,N,Knight Shield,matched,resolved,1.0,1.1,1.6,105.66666666666667,152.0,29.433333333333334,34.3,0.9333333333333332,1.2,1.0,1.0,1,LOW_05,6000,9.983333333333333,599.0
Rucua,BX-06 Booster Knight Shield 3-80N,Booster,Takara Tomy,599.0,MXN,InStock,1,1,1,0,0,1,0,0,"BEYBLADE X es un gear sport que presenta batallas extremas con increíble velocidad e impacto gracias a su truco de superaceleración, X-Dash.
Contenido del producto: Blade (1), Ratchet (1), Bit (1), Beycode (1), manual de instrucciones (1).",https://rucua.com/products/bx-06-booster-knight-shield-3-80n,2026-09-21,rucua_bx-06-booster-knight-shield-3-80n,BX-06,3-80,N,Knight Shield,matched,resolved,1.0,1.1,1.6,105.66666666666667,152.0,29.433333333333334,34.3,0.9333333333333332,1.2,1.0,1.0,1,LOW_06,6500,9.215384615384616,599.0
Rucua,BX-06 Booster Knight Shield 3-80N,Booster,Takara Tomy,599.0,MXN,InStock,1,1,1,0,0,1,0,0,"BEYBLADE X es un gear sport que presenta batallas extremas con increíble velocidad e impacto gracias a su truco de superaceleración, X-Dash.
Contenido del producto: Blade (1), Ratchet (1), Bit (1), Beycode (1), manual de instrucciones (1).",https://rucua.com/products/bx-06-booster-knight-shield-3-80n,2026-09-21,rucua_bx-06-booster-knight-shield-3-80n,BX-06,3-80,N,Knight Shield,matched,resolved,1.0,1.1,1.6,105.66666666666667,152.0,29.433333333333334,34.3,0.9333333333333332,1.2,1.0,1.0,1,LOW_07,7000,8.557142857142857,599.0
Rucua,BX-06 Booster Knight Shield 3-80N,Booster,Takara Tomy,599.0,MXN,InStock,1,1,1,0,0,1,0,0,"BEYBLADE X es un gear sport que presenta batallas extremas con increíble velocidad e impacto gracias a su truco de superaceleración, X-Dash.
Contenido del producto: Blade (1), Ratchet (1), Bit (1), Beycode (1), manual de instrucciones (1).",https://rucua.com/products/bx-06-booster-knight-shield-3-80n,2026-09-21,rucua_bx-06-booster-knight-shield-3-80n,BX-06,3-80,N,Knight Shield,matched,resolved,1.0,1.1,1.6,105.66666666666667,152.0,29.433333333333334,34.3,0.9333333333333332,1.2,1.0,1.0,1,LOW_08,7500,7.986666666666667,599.0
Rucua,BX-06 Booster Knight Shield 3-80N,Booster,Takara Tomy,599.0,MXN,InStock,1,1,1,0,0,1,0,0,"BEYBLADE X es un gear sport que presenta batallas extremas con increíble velocidad e impacto gracias a su truco de superaceleración, X-Dash.
Contenido del producto: Blade (1), Ratchet (1), Bit (1), Beycode (1), manual de instrucciones (1).",https://rucua.com/products/bx-06-booster-knight-shield-3-80n,2026-09-21,rucua_bx-06-booster-knight-shield-3-80n,BX-06,3-80,N,Knight Shield,matched,resolved,1.0,1.1,1.6,105.66666666666667,152.0,29.433333333333334,34.3,0.9333333333333332,1.2,1.0,1.0,1,LOW_09,8000,7.4875,599.0
Rucua,BX-06 Booster Knight Shield 3-80N,Booster,Takara Tomy,599.0,MXN,InStock,1,1,1,0,0,1,0,0,"BEYBLADE X es un gear sport que presenta batallas extremas con increíble velocidad e impacto gracias a su truco de superaceleración, X-Dash.
Contenido del producto: Blade (1), Ratchet (1), Bit (1), Beycode (1), manual de instrucciones (1).",https://rucua.com/products/bx-06-booster-knight-shield-3-80n,2026-09-21,rucua_bx-06-booster-knight-shield-3-80n,BX-06,3-80,N,Knight Shield,matched,resolved,1.0,1.1,1.6,105.66666666666667,152.0,29.433333333333334,34.3,0.9333333333333332,1.2,1.0,1.0,1,LOW_10,8500,7.047058823529412,599.0
Rucua,BX-06 Booster Knight Shield 3-80N,Booster,Takara Tomy,599.0,MXN,InStock,1,1,1,0,0,1,0,0,"BEYBLADE X es un gear sport que presenta batallas extremas con increíble velocidad e impacto gracias a su truco de superaceleración, X-Dash.
Contenido del producto: Blade (1), Ratchet (1), Bit (1), Beycode (1), manual de instrucciones (1).",https://rucua.com/products/bx-06-booster-knight-shield-3-80n,2026-09-21,rucua_bx-06-booster-knight-shield-3-80n,BX-06,3-80,N,Knight Shield,matched,resolved,1.0,1.1,1.6,105.66666666666667,152.0,29.433333333333334,34.3,0.9333333333333332,1.2,1.0,1.0,1,LOW_11,8999,6.656295143904877,599.0
Rucua,BX-07 Start Dash Set,Set,Takara Tomy,2799.0,MXN,OutOfStock,1,1,1,1,2,1,1,1,"BEYBLADE X es un gear sport que presenta batallas extremas con increíble velocidad e impacto gracias a su truco de superaceleración, X-Dash.
Contenido del producto: Blade (1), Ratchet (1), Bit (1), partes de estadio (2), clip de estadio (4), lanzador de cuerda (1), agarre (1), Beycode (1), manual de instrucciones (1).",https://rucua.com/products/bx-07-start-dash-set,2026-09-21,rucua_bx-07-start-dash-set,BX-07,,,,needs_review,unresolved,1.0,17.166666666666668,46.5,1658.3333333333333,4488.0,28.099999999999998,33.4,16.400000000000002,45.5,1.0,1.0,0,LOW_01,4001,69.95751062234442,2799.0
Rucua,BX-07 Start Dash Set,Set,Takara Tomy,2799.0,MXN,OutOfStock,1,1,1,1,2,1,1,1,"BEYBLADE X es un gear sport que presenta batallas extremas con increíble velocidad e impacto gracias a su truco de superaceleración, X-Dash.
Contenido del producto: Blade (1), Ratchet (1), Bit (1), partes de estadio (2), clip de estadio (4), lanzador de cuerda (1), agarre (1), Beycode (1), manual de instrucciones (1).",https://rucua.com/products/bx-07-start-dash-set,2026-09-21,rucua_bx-07-start-dash-set,BX-07,,,,needs_review,unresolved,1.0,17.166666666666668,46.5,1658.3333333333333,4488.0,28.099999999999998,33.4,16.400000000000002,45.5,1.0,1.0,0,LOW_02,4500,62.2,2799.0
Rucua,BX-07 Start Dash Set,Set,Takara Tomy,2799.0,MXN,OutOfStock,1,1,1,1,2,1,1,1,"BEYBLADE X es un gear sport que presenta batallas extremas con increíble velocidad e impacto gracias a su truco de superaceleración, X-Dash.
Contenido del producto: Blade (1), Ratchet (1), Bit (1), partes de estadio (2), clip de estadio (4), lanzador de cuerda (1), agarre (1), Beycode (1), manual de instrucciones (1).",https://rucua.com/products/bx-07-start-dash-set,2026-09-21,rucua_bx-07-start-dash-set,BX-07,,,,needs_review,unresolved,1.0,17.166666666666668,46.5,1658.3333333333333,4488.0,28.099999999999998,33.4,16.400000000000002,45.5,1.0,1.0,0,LOW_03,5000,55.98,2799.0
Rucua,BX-07 Start Dash Set,Set,Takara Tomy,2799.0,MXN,OutOfStock,1,1,1,1,2,1,1,1,"BEYBLADE X es un gear sport que presenta batallas extremas con increíble velocidad e impacto gracias a su truco de superaceleración, X-Dash.
Contenido del producto: Blade (1), Ratchet (1), Bit (1), partes de estadio (2), clip de estadio (4), lanzador de cuerda (1), agarre (1), Beycode (1), manual de instrucciones (1).",https://rucua.com/products/bx-07-start-dash-set,2026-09-21,rucua_bx-07-start-dash-set,BX-07,,,,needs_review,unresolved,1.0,17.166666666666668,46.5,1658.3333333333333,4488.0,28.099999999999998,33.4,16.400000000000002,45.5,1.0,1.0,0,LOW_04,5500,50.89090909090908,2799.0
Rucua,BX-07 Start Dash Set,Set,Takara Tomy,2799.0,MXN,OutOfStock,1,1,1,1,2,1,1,1,"BEYBLADE X es un gear sport que presenta batallas extremas con increíble velocidad e impacto gracias a su truco de superaceleración, X-Dash.
Contenido del producto: Blade (1), Ratchet (1), Bit (1), partes de estadio (2), clip de estadio (4), lanzador de cuerda (1), agarre (1), Beycode (1), manual de instrucciones (1).",https://rucua.com/products/bx-07-start-dash-set,2026-09-21,rucua_bx-07-start-dash-set,BX-07,,,,needs_review,unresolved,1.0,17.166666666666668,46.5,1658.3333333333333,4488.0,28.099999999999998,33.4,16.400000000000002,45.5,1.0,1.0,0,LOW_05,6000,46.650000000000006,2799.0
Rucua,BX-07 Start Dash Set,Set,Takara Tomy,2799.0,MXN,OutOfStock,1,1,1,1,2,1,1,1,"BEYBLADE X es un gear sport que presenta batallas extremas con increíble velocidad e impacto gracias a su truco de superaceleración, X-Dash.
Contenido del producto: Blade (1), Ratchet (1), Bit (1), partes de estadio (2), clip de estadio (4), lanzador de cuerda (1), agarre (1), Beycode (1), manual de instrucciones (1).",https://rucua.com/products/bx-07-start-dash-set,2026-09-21,rucua_bx-07-start-dash-set,BX-07,,,,needs_review,unresolved,1.0,17.166666666666668,46.5,1658.3333333333333,4488.0,28.099999999999998,33.4,16.400000000000002,45.5,1.0,1.0,0,LOW_06,6500,43.06153846153846,2799.0
Rucua,BX-07 Start Dash Set,Set,Takara Tomy,2799.0,MXN,OutOfStock,1,1,1,1,2,1,1,1,"BEYBLADE X es un gear sport que presenta batallas extremas con increíble velocidad e impacto gracias a su truco de superaceleración, X-Dash.
Contenido del producto: Blade (1), Ratchet (1), Bit (1), partes de estadio (2), clip de estadio (4), lanzador de cuerda (1), agarre (1), Beycode (1), manual de instrucciones (1).",https://rucua.com/products/bx-07-start-dash-set,2026-09-21,rucua_bx-07-start-dash-set,BX-07,,,,needs_review,unresolved,1.0,17.166666666666668,46.5,1658.3333333333333,4488.0,28.099999999999998,33.4,16.400000000000002,45.5,1.0,1.0,0,LOW_07,7000,39.98571428571429,2799.0
Rucua,BX-07 Start Dash Set,Set,Takara Tomy,2799.0,MXN,OutOfStock,1,1,1,1,2,1,1,1,"BEYBLADE X es un gear sport que presenta batallas extremas con increíble velocidad e impacto gracias a su truco de superaceleración, X-Dash.
Contenido del producto: Blade (1), Ratchet (1), Bit (1), partes de estadio (2), clip de estadio (4), lanzador de cuerda (1), agarre (1), Beycode (1), manual de instrucciones (1).",https://rucua.com/products/bx-07-start-dash-set,2026-09-21,rucua_bx-07-start-dash-set,BX-07,,,,needs_review,unresolved,1.0,17.166666666666668,46.5,1658.3333333333333,4488.0,28.099999999999998,33.4,16.400000000000002,45.5,1.0,1.0,0,LOW_08,7500,37.32,2799.0
Rucua,BX-07 Start Dash Set,Set,Takara Tomy,2799.0,MXN,OutOfStock,1,1,1,1,2,1,1,1,"BEYBLADE X es un gear sport que presenta batallas extremas con increíble velocidad e impacto gracias a su truco de superaceleración, X-Dash.
Contenido del producto: Blade (1), Ratchet (1), Bit (1), partes de estadio (2), clip de estadio (4), lanzador de cuerda (1), agarre (1), Beycode (1), manual de instrucciones (1).",https://rucua.com/products/bx-07-start-dash-set,2026-09-21,rucua_bx-07-start-dash-set,BX-07,,,,needs_review,unresolved,1.0,17.166666666666668,46.5,1658.3333333333333,4488.0,28.099999999999998,33.4,16.400000000000002,45.5,1.0,1.0,0,LOW_09,8000,34.9875,2799.0
Rucua,BX-07 Start Dash Set,Set,Takara Tomy,2799.0,MXN,OutOfStock,1,1,1,1,2,1,1,1,"BEYBLADE X es un gear sport que presenta batallas extremas con increíble velocidad e impacto gracias a su truco de superaceleración, X-Dash.
Contenido del producto: Blade (1), Ratchet (1), Bit (1), partes de estadio (2), clip de estadio (4), lanzador de cuerda (1), agarre (1), Beycode (1), manual de instrucciones (1).",https://rucua.com/products/bx-07-start-dash-set,2026-09-21,rucua_bx-07-start-dash-set,BX-07,,,,needs_review,unresolved,1.0,17.166666666666668,46.5,1658.3333333333333,4488.0,28.099999999999998,33.4,16.400000000000002,45.5,1.0,1.0,0,LOW_10,8500,32.92941176470588,2799.0
Rucua,BX-07 Start Dash Set,Set,Takara Tomy,2799.0,MXN,OutOfStock,1,1,1,1,2,1,1,1,"BEYBLADE X es un gear sport que presenta batallas extremas con increíble velocidad e impacto gracias a su truco de superaceleración, X-Dash.
Contenido del producto: Blade (1), Ratchet (1), Bit (1), partes de estadio (2), clip de estadio (4), lanzador de cuerda (1), agarre (1), Beycode (1), manual de instrucciones (1).",https://rucua.com/products/bx-07-start-dash-set,2026-09-21,rucua_bx-07-start-dash-set,BX-07,,,,needs_review,unresolved,1.0,17.166666666666668,46.5,1658.3333333333333,4488.0,28.099999999999998,33.4,16.400000000000002,45.5,1.0,1.0,0,LOW_11,8999,31.10345593954884,2799.0
Rucua,BX-08 3on3 Deck Set,Deck Set,Takara Tomy,1599.0,MXN,OutOfStock,3,3,3,0,0,3,0,0,"BEYBLADE X es un gear sport que presenta batallas extremas con increíble velocidad e impacto gracias a su truco de superaceleración, X-Dash.
Contenido del producto: Blade (3), Ratchet (3), Bit (3), Beycode (1), manual de instrucciones (1).",https://rucua.com/products/bx-08-3on3-deck-set,2026-09-21,rucua_bx-08-3on3-deck-set,BX-08,,,,multi_bey_set,multi_bey,3.0,3.788888888888889,17.7,365.22222222222223,1713.0,28.8,34.3,3.533333333333333,17.7,1.0,1.0,0,LOW_01,4001,39.965008747813044,533.0
Rucua,BX-08 3on3 Deck Set,Deck Set,Takara Tomy,1599.0,MXN,OutOfStock,3,3,3,0,0,3,0,0,"BEYBLADE X es un gear sport que presenta batallas extremas con increíble velocidad e impacto gracias a su truco de superaceleración, X-Dash.
Contenido del producto: Blade (3), Ratchet (3), Bit (3), Beycode (1), manual de instrucciones (1).",https://rucua.com/products/bx-08-3on3-deck-set,2026-09-21,rucua_bx-08-3on3-deck-set,BX-08,,,,multi_bey_set,multi_bey,3.0,3.788888888888889,17.7,365.22222222222223,1713.0,28.8,34.3,3.533333333333333,17.7,1.0,1.0,0,LOW_02,4500,35.53333333333333,533.0
Rucua,BX-08 3on3 Deck Set,Deck Set,Takara Tomy,1599.0,MXN,OutOfStock,3,3,3,0,0,3,0,0,"BEYBLADE X es un gear sport que presenta batallas extremas con increíble velocidad e impacto gracias a su truco de superaceleración, X-Dash.
Contenido del producto: Blade (3), Ratchet (3), Bit (3), Beycode (1), manual de instrucciones (1).",https://rucua.com/products/bx-08-3on3-deck-set,2026-09-21,rucua_bx-08-3on3-deck-set,BX-08,,,,multi_bey_set,multi_bey,3.0,3.788888888888889,17.7,365.22222222222223,1713.0,28.8,34.3,3.533333333333333,17.7,1.0,1.0,0,LOW_03,5000,31.979999999999997,533.0
Rucua,BX-08 3on3 Deck Set,Deck Set,Takara Tomy,1599.0,MXN,OutOfStock,3,3,3,0,0,3,0,0,"BEYBLADE X es un gear sport que presenta batallas extremas con increíble velocidad e impacto gracias a su truco de superaceleración, X-Dash.
Contenido del producto: Blade (3), Ratchet (3), Bit (3), Beycode (1), manual de instrucciones (1).",https://rucua.com/products/bx-08-3on3-deck-set,2026-09-21,rucua_bx-08-3on3-deck-set,BX-08,,,,multi_bey_set,multi_bey,3.0,3.788888888888889,17.7,365.22222222222223,1713.0,28.8,34.3,3.533333333333333,17.7,1.0,1.0,0,LOW_04,5500,29.07272727272727,533.0
Rucua,BX-08 3on3 Deck Set,Deck Set,Takara Tomy,1599.0,MXN,OutOfStock,3,3,3,0,0,3,0,0,"BEYBLADE X es un gear sport que presenta batallas extremas con increíble velocidad e impacto gracias a su truco de superaceleración, X-Dash.
Contenido del producto: Blade (3), Ratchet (3), Bit (3), Beycode (1), manual de instrucciones (1).",https://rucua.com/products/bx-08-3on3-deck-set,2026-09-21,rucua_bx-08-3on3-deck-set,BX-08,,,,multi_bey_set,multi_bey,3.0,3.788888888888889,17.7,365.22222222222223,1713.0,28.8,34.3,3.533333333333333,17.7,1.0,1.0,0,LOW_05,6000,26.650000000000002,533.0
Rucua,BX-08 3on3 Deck Set,Deck Set,Takara Tomy,1599.0,MXN,OutOfStock,3,3,3,0,0,3,0,0,"BEYBLADE X es un gear sport que presenta batallas extremas con increíble velocidad e impacto gracias a su truco de superaceleración, X-Dash.
Contenido del producto: Blade (3), Ratchet (3), Bit (3), Beycode (1), manual de instrucciones (1).",https://rucua.com/products/bx-08-3on3-deck-set,2026-09-21,rucua_bx-08-3on3-deck-set,BX-08,,,,multi_bey_set,multi_bey,3.0,3.788888888888889,17.7,365.22222222222223,1713.0,28.8,34.3,3.533333333333333,17.7,1.0,1.0,0,LOW_06,6500,24.6,533.0
Rucua,BX-08 3on3 Deck Set,Deck Set,Takara Tomy,1599.0,MXN,OutOfStock,3,3,3,0,0,3,0,0,"BEYBLADE X es un gear sport que presenta batallas extremas con increíble velocidad e impacto gracias a su truco de superaceleración, X-Dash.
Contenido del producto: Blade (3), Ratchet (3), Bit (3), Beycode (1), manual de instrucciones (1).",https://rucua.com/products/bx-08-3on3-deck-set,2026-09-21,rucua_bx-08-3on3-deck-set,BX-08,,,,multi_bey_set,multi_bey,3.0,3.788888888888889,17.7,365.22222222222223,1713.0,28.8,34.3,3.533333333333333,17.7,1.0,1.0,0,LOW_07,7000,22.84285714285714,533.0
Rucua,BX-08 3on3 Deck Set,Deck Set,Takara Tomy,1599.0,MXN,OutOfStock,3,3,3,0,0,3,0,0,"BEYBLADE X es un gear sport que presenta batallas extremas con increíble velocidad e impacto gracias a su truco de superaceleración, X-Dash.
Contenido del producto: Blade (3), Ratchet (3), Bit (3), Beycode (1), manual de instrucciones (1).",https://rucua.com/products/bx-08-3on3-deck-set,2026-09-21,rucua_bx-08-3on3-deck-set,BX-08,,,,multi_bey_set,multi_bey,3.0,3.788888888888889,17.7,365.22222222222223,1713.0,28.8,34.3,3.533333333333333,17.7,1.0,1.0,0,LOW_08,7500,21.32,533.0
Rucua,BX-08 3on3 Deck Set,Deck Set,Takara Tomy,1599.0,MXN,OutOfStock,3,3,3,0,0,3,0,0,"BEYBLADE X es un gear sport que presenta batallas extremas con increíble velocidad e impacto gracias a su truco de superaceleración, X-Dash.
Contenido del producto: Blade (3), Ratchet (3), Bit (3), Beycode (1), manual de instrucciones (1).",https://rucua.com/products/bx-08-3on3-deck-set,2026-09-21,rucua_bx-08-3on3-deck-set,BX-08,,,,multi_bey_set,multi_bey,3.0,3.788888888888889,17.7,365.22222222222223,1713.0,28.8,34.3,3.533333333333333,17.7,1.0,1.0,0,LOW_09,8000,19.9875,533.0
Rucua,BX-08 3on3 Deck Set,Deck Set,Takara Tomy,1599.0,MXN,OutOfStock,3,3,3,0,0,3,0,0,"BEYBLADE X es un gear sport que presenta batallas extremas con increíble velocidad e impacto gracias a su truco de superaceleración, X-Dash.
Contenido del producto: Blade (3), Ratchet (3), Bit (3), Beycode (1), manual de instrucciones (1).",https://rucua.com/products/bx-08-3on3-deck-set,2026-09-21,rucua_bx-08-3on3-deck-set,BX-08,,,,multi_bey_set,multi_bey,3.0,3.788888888888889,17.7,365.22222222222223,1713.0,28.8,34.3,3.533333333333333,17.7,1.0,1.0,0,LOW_10,8500,18.811764705882354,533.0
Rucua,BX-08 3on3 Deck Set,Deck Set,Takara Tomy,1599.0,MXN,OutOfStock,3,3,3,0,0,3,0,0,"BEYBLADE X es un gear sport que presenta batallas extremas con increíble velocidad e impacto gracias a su truco de superaceleración, X-Dash.
Contenido del producto: Blade (3), Ratchet (3), Bit (3), Beycode (1), manual de instrucciones (1).",https://rucua.com/products/bx-08-3on3-deck-set,2026-09-21,rucua_bx-08-3on3-deck-set,BX-08,,,,multi_bey_set,multi_bey,3.0,3.788888888888889,17.7,365.22222222222223,1713.0,28.8,34.3,3.533333333333333,17.7,1.0,1.0,0,LOW_11,8999,17.76864096010668,533.0
Rucua,BX-13 Booster Knight Lance 4-80HN,Booster,Takara Tomy,599.0,MXN,OutOfStock,1,1,1,0,0,1,0,0,"BEYBLADE X es un gear sport que presenta batallas extremas con increíble velocidad e impacto gracias a su truco de superaceleración, X-Dash.
Contenido del producto: Blade (1), Ratchet (1), Bit (1), Beycode (1), manual de instrucciones (1).",https://rucua.com/products/bx-13-booster-knight-lance-4-80hn,2026-09-21,rucua_bx-13-booster-knight-lance-4-80hn,BX-13,4-80,HN,Knight Lance,matched,resolved,1.0,0.5,0.7,47.333333333333336,71.0,25.333333333333332,31.0,0.39999999999999997,0.7,1.0,1.0,0,LOW_01,4001,14.971257185703573,599.0
Rucua,BX-13 Booster Knight Lance 4-80HN,Booster,Takara Tomy,599.0,MXN,OutOfStock,1,1,1,0,0,1,0,0,"BEYBLADE X es un gear sport que presenta batallas extremas con increíble velocidad e impacto gracias a su truco de superaceleración, X-Dash.
Contenido del producto: Blade (1), Ratchet (1), Bit (1), Beycode (1), manual de instrucciones (1).",https://rucua.com/products/bx-13-booster-knight-lance-4-80hn,2026-09-21,rucua_bx-13-booster-knight-lance-4-80hn,BX-13,4-80,HN,Knight Lance,matched,resolved,1.0,0.5,0.7,47.333333333333336,71.0,25.333333333333332,31.0,0.39999999999999997,0.7,1.0,1.0,0,LOW_02,4500,13.311111111111112,599.0
Rucua,BX-13 Booster Knight Lance 4-80HN,Booster,Takara Tomy,599.0,MXN,OutOfStock,1,1,1,0,0,1,0,0,"BEYBLADE X es un gear sport que presenta batallas extremas con increíble velocidad e impacto gracias a su truco de superaceleración, X-Dash.
Contenido del producto: Blade (1), Ratchet (1), Bit (1), Beycode (1), manual de instrucciones (1).",https://rucua.com/products/bx-13-booster-knight-lance-4-80hn,2026-09-21,rucua_bx-13-booster-knight-lance-4-80hn,BX-13,4-80,HN,Knight Lance,matched,resolved,1.0,0.5,0.7,47.333333333333336,71.0,25.333333333333332,31.0,0.39999999999999997,0.7,1.0,1.0,0,LOW_03,5000,11.98,599.0
Rucua,BX-13 Booster Knight Lance 4-80HN,Booster,Takara Tomy,599.0,MXN,OutOfStock,1,1,1,0,0,1,0,0,"BEYBLADE X es un gear sport que presenta batallas extremas con increíble velocidad e impacto gracias a su truco de superaceleración, X-Dash.
Contenido del producto: Blade (1), Ratchet (1), Bit (1), Beycode (1), manual de instrucciones (1).",https://rucua.com/products/bx-13-booster-knight-lance-4-80hn,2026-09-21,rucua_bx-13-booster-knight-lance-4-80hn,BX-13,4-80,HN,Knight Lance,matched,resolved,1.0,0.5,0.7,47.333333333333336,71.0,25.333333333333332,31.0,0.39999999999999997,0.7,1.0,1.0,0,LOW_04,5500,10.89090909090909,599.0
Rucua,BX-13 Booster Knight Lance 4-80HN,Booster,Takara Tomy,599.0,MXN,OutOfStock,1,1,1,0,0,1,0,0,"BEYBLADE X es un gear sport que presenta batallas extremas con increíble velocidad e impacto gracias a su truco de superaceleración, X-Dash.
Contenido del producto: Blade (1), Ratchet (1), Bit (1), Beycode (1), manual de instrucciones (1).",https://rucua.com/products/bx-13-booster-knight-lance-4-80hn,2026-09-21,rucua_bx-13-booster-knight-lance-4-80hn,BX-13,4-80,HN,Knight Lance,matched,resolved,1.0,0.5,0.7,47.333333333333336,71.0,25.333333333333332,31.0,0.39999999999999997,0.7,1.0,1.0,0,LOW_05,6000,9.983333333333333,599.0
Rucua,BX-13 Booster Knight Lance 4-80HN,Booster,Takara Tomy,599.0,MXN,OutOfStock,1,1,1,0,0,1,0,0,"BEYBLADE X es un gear sport que presenta batallas extremas con increíble velocidad e impacto gracias a su truco de superaceleración, X-Dash.
Contenido del producto: Blade (1), Ratchet (1), Bit (1), Beycode (1), manual de instrucciones (1).",https://rucua.com/products/bx-13-booster-knight-lance-4-80hn,2026-09-21,rucua_bx-13-booster-knight-lance-4-80hn,BX-13,4-80,HN,Knight Lance,matched,resolved,1.0,0.5,0.7,47.333333333333336,71.0,25.333333333333332,31.0,0.39999999999999997,0.7,1.0,1.0,0,LOW_06,6500,9.215384615384616,599.0
Rucua,BX-13 Booster Knight Lance 4-80HN,Booster,Takara Tomy,599.0,MXN,OutOfStock,1,1,1,0,0,1,0,0,"BEYBLADE X es un gear sport que presenta batallas extremas con increíble velocidad e impacto gracias a su truco de superaceleración, X-Dash.
Contenido del producto: Blade (1), Ratchet (1), Bit (1), Beycode (1), manual de instrucciones (1).",https://rucua.com/products/bx-13-booster-knight-lance-4-80hn,2026-09-21,rucua_bx-13-booster-knight-lance-4-80hn,BX-13,4-80,HN,Knight Lance,matched,resolved,1.0,0.5,0.7,47.333333333333336,71.0,25.333333333333332,31.0,0.39999999999999997,0.7,1.0,1.0,0,LOW_07,7000,8.557142857142857,599.0
Rucua,BX-13 Booster Knight Lance 4-80HN,Booster,Takara Tomy,599.0,MXN,OutOfStock,1,1,1,0,0,1,0,0,"BEYBLADE X es un gear sport que presenta batallas extremas con increíble velocidad e impacto gracias a su truco de superaceleración, X-Dash.
Contenido del producto: Blade (1), Ratchet (1), Bit (1), Beycode (1), manual de instrucciones (1).",https://rucua.com/products/bx-13-booster-knight-lance-4-80hn,2026-09-21,rucua_bx-13-booster-knight-lance-4-80hn,BX-13,4-80,HN,Knight Lance,matched,resolved,1.0,0.5,0.7,47.333333333333336,71.0,25.333333333333332,31.0,0.39999999999999997,0.7,1.0,1.0,0,LOW_08,7500,7.986666666666667,599.0
Rucua,BX-13 Booster Knight Lance 4-80HN,Booster,Takara Tomy,599.0,MXN,OutOfStock,1,1,1,0,0,1,0,0,"BEYBLADE X es un gear sport que presenta batallas extremas con increíble velocidad e impacto gracias a su truco de superaceleración, X-Dash.
Contenido del producto: Blade (1), Ratchet (1), Bit (1), Beycode (1), manual de instrucciones (1).",https://rucua.com/products/bx-13-booster-knight-lance-4-80hn,2026-09-21,rucua_bx-13-booster-knight-lance-4-80hn,BX-13,4-80,HN,Knight Lance,matched,resolved,1.0,0.5,0.7,47.333333333333336,71.0,25.333333333333332,31.0,0.39999999999999997,0.7,1.0,1.0,0,LOW_09,8000,7.4875,599.0
Rucua,BX-13 Booster Knight Lance 4-80HN,Booster,Takara Tomy,599.0,MXN,OutOfStock,1,1,1,0,0,1,0,0,"BEYBLADE X es un gear sport que presenta batallas extremas con increíble velocidad e impacto gracias a su truco de superaceleración, X-Dash.
Contenido del producto: Blade (1), Ratchet (1), Bit (1), Beycode (1), manual de instrucciones (1).",https://rucua.com/products/bx-13-booster-knight-lance-4-80hn,2026-09-21,rucua_bx-13-booster-knight-lance-4-80hn,BX-13,4-80,HN,Knight Lance,matched,resolved,1.0,0.5,0.7,47.333333333333336,71.0,25.333333333333332,31.0,0.39999999999999997,0.7,1.0,1.0,0,LOW_10,8500,7.047058823529412,599.0
Rucua,BX-13 Booster Knight Lance 4-80HN,Booster,Takara Tomy,599.0,MXN,OutOfStock,1,1,1,0,0,1,0,0,"BEYBLADE X es un gear sport que presenta batallas extremas con increíble velocidad e impacto gracias a su truco de superaceleración, X-Dash.
Contenido del producto: Blade (1), Ratchet (1), Bit (1), Beycode (1), manual de instrucciones (1).",https://rucua.com/products/bx-13-booster-knight-lance-4-80hn,2026-09-21,rucua_bx-13-booster-knight-lance-4-80hn,BX-13,4-80,HN,Knight Lance,matched,resolved,1.0,0.5,0.7,47.333333333333336,71.0,25.333333333333332,31.0,0.39999999999999997,0.7,1.0,1.0,0,LOW_11,8999,6.656295143904877,599.0
Rucua,BX-15 Starter Leon Claw 5-60P,Starter,Takara Tomy,799.0,MXN,InStock,1,1,1,1,0,1,1,0,"BEYBLADE X es un gear sport que presenta batallas extremas con increíble velocidad e impacto gracias a su truco de superaceleración, X-Dash.
Contenido del producto: Blade (1), Ratchet (1), Bit (1), lanzador de jareta (1), jareta (1), Beycode (1), manual de instrucciones (1).",https://rucua.com/products/bx-15-starter-leon-claw-5-60p,2026-09-21,rucua_bx-15-starter-leon-claw-5-60p,BX-15,5-60,P,Leon Claw,matched,resolved,1.0,12.966666666666667,26.2,1252.6666666666667,2532.0,29.266666666666666,32.5,12.233333333333334,25.0,1.0,1.0,1,LOW_01,4001,19.97000749812547,799.0
Rucua,BX-15 Starter Leon Claw 5-60P,Starter,Takara Tomy,799.0,MXN,InStock,1,1,1,1,0,1,1,0,"BEYBLADE X es un gear sport que presenta batallas extremas con increíble velocidad e impacto gracias a su truco de superaceleración, X-Dash.
Contenido del producto: Blade (1), Ratchet (1), Bit (1), lanzador de jareta (1), jareta (1), Beycode (1), manual de instrucciones (1).",https://rucua.com/products/bx-15-starter-leon-claw-5-60p,2026-09-21,rucua_bx-15-starter-leon-claw-5-60p,BX-15,5-60,P,Leon Claw,matched,resolved,1.0,12.966666666666667,26.2,1252.6666666666667,2532.0,29.266666666666666,32.5,12.233333333333334,25.0,1.0,1.0,1,LOW_02,4500,17.755555555555556,799.0
Rucua,BX-15 Starter Leon Claw 5-60P,Starter,Takara Tomy,799.0,MXN,InStock,1,1,1,1,0,1,1,0,"BEYBLADE X es un gear sport que presenta batallas extremas con increíble velocidad e impacto gracias a su truco de superaceleración, X-Dash.
Contenido del producto: Blade (1), Ratchet (1), Bit (1), lanzador de jareta (1), jareta (1), Beycode (1), manual de instrucciones (1).",https://rucua.com/products/bx-15-starter-leon-claw-5-60p,2026-09-21,rucua_bx-15-starter-leon-claw-5-60p,BX-15,5-60,P,Leon Claw,matched,resolved,1.0,12.966666666666667,26.2,1252.6666666666667,2532.0,29.266666666666666,32.5,12.233333333333334,25.0,1.0,1.0,1,LOW_03,5000,15.98,799.0
Rucua,BX-15 Starter Leon Claw 5-60P,Starter,Takara Tomy,799.0,MXN,InStock,1,1,1,1,0,1,1,0,"BEYBLADE X es un gear sport que presenta batallas extremas con increíble velocidad e impacto gracias a su truco de superaceleración, X-Dash.
Contenido del producto: Blade (1), Ratchet (1), Bit (1), lanzador de jareta (1), jareta (1), Beycode (1), manual de instrucciones (1).",https://rucua.com/products/bx-15-starter-leon-claw-5-60p,2026-09-21,rucua_bx-15-starter-leon-claw-5-60p,BX-15,5-60,P,Leon Claw,matched,resolved,1.0,12.966666666666667,26.2,1252.6666666666667,2532.0,29.266666666666666,32.5,12.233333333333334,25.0,1.0,1.0,1,LOW_04,5500,14.527272727272727,799.0
Rucua,BX-15 Starter Leon Claw 5-60P,Starter,Takara Tomy,799.0,MXN,InStock,1,1,1,1,0,1,1,0,"BEYBLADE X es un gear sport que presenta batallas extremas con increíble velocidad e impacto gracias a su truco de superaceleración, X-Dash.
Contenido del producto: Blade (1), Ratchet (1), Bit (1), lanzador de jareta (1), jareta (1), Beycode (1), manual de instrucciones (1).",https://rucua.com/products/bx-15-starter-leon-claw-5-60p,2026-09-21,rucua_bx-15-starter-leon-claw-5-60p,BX-15,5-60,P,Leon Claw,matched,resolved,1.0,12.966666666666667,26.2,1252.6666666666667,2532.0,29.266666666666666,32.5,12.233333333333334,25.0,1.0,1.0,1,LOW_05,6000,13.316666666666666,799.0
Rucua,BX-15 Starter Leon Claw 5-60P,Starter,Takara Tomy,799.0,MXN,InStock,1,1,1,1,0,1,1,0,"BEYBLADE X es un gear sport que presenta batallas extremas con increíble velocidad e impacto gracias a su truco de superaceleración, X-Dash.
Contenido del producto: Blade (1), Ratchet (1), Bit (1), lanzador de jareta (1), jareta (1), Beycode (1), manual de instrucciones (1).",https://rucua.com/products/bx-15-starter-leon-claw-5-60p,2026-09-21,rucua_bx-15-starter-leon-claw-5-60p,BX-15,5-60,P,Leon Claw,matched,resolved,1.0,12.966666666666667,26.2,1252.6666666666667,2532.0,29.266666666666666,32.5,12.233333333333334,25.0,1.0,1.0,1,LOW_06,6500,12.292307692307693,799.0
Rucua,BX-15 Starter Leon Claw 5-60P,Starter,Takara Tomy,799.0,MXN,InStock,1,1,1,1,0,1,1,0,"BEYBLADE X es un gear sport que presenta batallas extremas con increíble velocidad e impacto gracias a su truco de superaceleración, X-Dash.
Contenido del producto: Blade (1), Ratchet (1), Bit (1), lanzador de jareta (1), jareta (1), Beycode (1), manual de instrucciones (1).",https://rucua.com/products/bx-15-starter-leon-claw-5-60p,2026-09-21,rucua_bx-15-starter-leon-claw-5-60p,BX-15,5-60,P,Leon Claw,matched,resolved,1.0,12.966666666666667,26.2,1252.6666666666667,2532.0,29.266666666666666,32.5,12.233333333333334,25.0,1.0,1.0,1,LOW_07,7000,11.414285714285715,799.0
Rucua,BX-15 Starter Leon Claw 5-60P,Starter,Takara Tomy,799.0,MXN,InStock,1,1,1,1,0,1,1,0,"BEYBLADE X es un gear sport que presenta batallas extremas con increíble velocidad e impacto gracias a su truco de superaceleración, X-Dash.
Contenido del producto: Blade (1), Ratchet (1), Bit (1), lanzador de jareta (1), jareta (1), Beycode (1), manual de instrucciones (1).",https://rucua.com/products/bx-15-starter-leon-claw-5-60p,2026-09-21,rucua_bx-15-starter-leon-claw-5-60p,BX-15,5-60,P,Leon Claw,matched,resolved,1.0,12.966666666666667,26.2,1252.6666666666667,2532.0,29.266666666666666,32.5,12.233333333333334,25.0,1.0,1.0,1,LOW_08,7500,10.653333333333332,799.0
Rucua,BX-15 Starter Leon Claw 5-60P,Starter,Takara Tomy,799.0,MXN,InStock,1,1,1,1,0,1,1,0,"BEYBLADE X es un gear sport que presenta batallas extremas con increíble velocidad e impacto gracias a su truco de superaceleración, X-Dash.
Contenido del producto: Blade (1), Ratchet (1), Bit (1), lanzador de jareta (1), jareta (1), Beycode (1), manual de instrucciones (1).",https://rucua.com/products/bx-15-starter-leon-claw-5-60p,2026-09-21,rucua_bx-15-starter-leon-claw-5-60p,BX-15,5-60,P,Leon Claw,matched,resolved,1.0,12.966666666666667,26.2,1252.6666666666667,2532.0,29.266666666666666,32.5,12.233333333333334,25.0,1.0,1.0,1,LOW_09,8000,9.9875,799.0
Rucua,BX-15 Starter Leon Claw 5-60P,Starter,Takara Tomy,799.0,MXN,InStock,1,1,1,1,0,1,1,0,"BEYBLADE X es un gear sport que presenta batallas extremas con increíble velocidad e impacto gracias a su truco de superaceleración, X-Dash.
Contenido del producto: Blade (1), Ratchet (1), Bit (1), lanzador de jareta (1), jareta (1), Beycode (1), manual de instrucciones (1).",https://rucua.com/products/bx-15-starter-leon-claw-5-60p,2026-09-21,rucua_bx-15-starter-leon-claw-5-60p,BX-15,5-60,P,Leon Claw,matched,resolved,1.0,12.966666666666667,26.2,1252.6666666666667,2532.0,29.266666666666666,32.5,12.233333333333334,25.0,1.0,1.0,1,LOW_10,8500,9.4,799.0
Rucua,BX-15 Starter Leon Claw 5-60P,Starter,Takara Tomy,799.0,MXN,InStock,1,1,1,1,0,1,1,0,"BEYBLADE X es un gear sport que presenta batallas extremas con increíble velocidad e impacto gracias a su truco de superaceleración, X-Dash.
Contenido del producto: Blade (1), Ratchet (1), Bit (1), lanzador de jareta (1), jareta (1), Beycode (1), manual de instrucciones (1).",https://rucua.com/products/bx-15-starter-leon-claw-5-60p,2026-09-21,rucua_bx-15-starter-leon-claw-5-60p,BX-15,5-60,P,Leon Claw,matched,resolved,1.0,12.966666666666667,26.2,1252.6666666666667,2532.0,29.266666666666666,32.5,12.233333333333334,25.0,1.0,1.0,1,LOW_11,8999,8.87876430714524,799.0
